objectid,title,subject,inscription_EN,inscription_GR,object,building,date,daterange_origin,city_origin,city_origin_pleiades,location_origin_idai,latitude,longitude,dates_other,location_current_country,location_current_city,location_current_collection,medium,url_medium_descr,category,provenance,bibliographicCitation,object_location,url_digital_limc,url_princeton_vrc,url_museum_collection,url_other,,figures,comment
agno_003,Agnoia in Hermoupolis Magna wall painting,Agnoia,Agnoia,,LIMC-399 Hermoupolis Magna tomb wall painting,tomb,100,0100/0200,Hermopolis Magna,https://pleiades.stoa.org/places/756574,https://gazetteer.dainst.org/place/2042791,27.7796202493,30.8035806072,,EG,Cairo,Egyptian Museum,mural paintings (visual works) ,http://vocab.getty.edu/page/aat/300033644,,,LIMC,http://ark.dasch.swiss/ark:/72163/080e-73a9432ff5779-1,http://ark.dasch.swiss/ark:/72163/080e-73a9432ff5779-1,-,,,,,
agno_001,Agnoia in Oxyrhynchos papyrus Pap. Oxy. 2652,Agnoia,Agnoia,,LIMC-43342 Oxyrhynchos papyrus Pap. Oxy. 2652,None,100,0100/0300 ,Oxyrhynchos,https://pleiades.stoa.org/places/736983,https://gazetteer.dainst.org/place/2042896,28.542574,30.65172,,GB,Oxford,Ashmolean Museum of Art and Archaeology,illuminations (paintings),http://vocab.getty.edu/page/aat/300264522,book - papyrus,,weblimc.org - Charitonidis - Kahil - Ginouves 1970 -- Turner 1966,http://ark.dasch.swiss/ark:/72163/080e-760a14c7616f6-2 ,http://ark.dasch.swiss/ark:/72163/080e-760a14c7616f6-2 ,-,,,,Agnoia,
apol_004,Apolausis in Eua Villa of Herodes Attius,Apolausis,Apolausis,ΑΠΟΛΑΥΣΙΣ,LIMC-201892 Mosaic of Apolausis at Eva/Loukou,Villa of Herodes Atticus at Eva/Loukou,117,0117/138,Eua (Eva/Loukou),-,https://gazetteer.dainst.org/place/2109854,37.416113,22.685477,,GR,Eva/Loukou,in situ,mosaics (visual works),http://vocab.getty.edu/page/aat/300015342,building - villa,,Rathmayr - Scheibelreiter-Gail �Die Villa Des Herodes Atticus in Eua� --  ,http://ark.dasch.swiss/ark:/72163/080e-76aab79cf516a-9,http://ark.dasch.swiss/ark:/72163/080e-76aab79cf516a-9,-,,,,"Ktisis, Apolausis",
ktis_009,Ktisis in Eua Villa of Herodes Attius,Ktisis,Ktisis,ΚΤΙΣΙΣ,Mosaic of Ktisis at Eva/Loukou,Villa of Herodes Atticus at Eva/Loukou,117,0117/138,Eua (Eva/Loukou),-,https://gazetteer.dainst.org/place/2109854,37.416113,22.685477,,GR,Eva/Loukou,in situ,mosaics (visual works),http://vocab.getty.edu/page/aat/300015342,building - villa,,Rathmayr - Scheibelreiter-Gail �Die Villa Des Herodes Atticus in Eua� --  ,,,-,,,,"Ktisis, Apolausis",
gale_001,Galene in Fragment from Aphrodisias (Caria),Galene,Galene,ΓΑΛΗΝ[Η],Mosaic fragment with Galene in Aphrodisias (Caria),Unknown building in the East Odeon Area,125,0125/150,Aphrodisias (Geyre),https://pleiades.stoa.org/places/638753,https://gazetteer.dainst.org/place/2283134,37.7085832624,28.7237779096,,TR,Aphrodisias,Aphrodisias Museum,mosaics (visual works),http://vocab.getty.edu/page/aat/300015342,building - unclear,,Campbell (1991) 10-12,,-,-,,https://followinghadrian.com/2015/04/20/the-hadrianic-baths-at-aphrodisias-caria-turkey/,,Galene,
chres_001,Chresis on Antioch mosaic,Chresis,Chresis,ΧΡΗΣΙΣ,A-II-p195 5436-M88 Mosaic of Chresis,[DH-26-K-L] House of the Triumph of Dionysus - Mosaic of Chresis,140,0140/0193 AND 350,Antiochia (Antakya) – Daphne (Harbiye),https://pleiades.stoa.org/places/658450 ,-,36.1336355,36.1378635,1935? excavated,TR,Antakya,Hatay Archaeological Museum,mosaics (visual works),http://vocab.getty.edu/page/aat/300015342,building - villa,,Levi (1947),https://vrc.princeton.edu/researchphotographs/s/antioch/item/12243,,https://vrc.princeton.edu/researchphotographs/s/antioch/item/12243,,,,Chresis,
poth_003,Pothos on Daphne Ewer New York,Pothos,Pothos,ΠΟΘΟΣ,CMG-55.1.86 Daphne Ewer,None,175,0175/225,Unknown – probably Syria,-,https://gazetteer.dainst.org/place/2086499,34.819161,37.675557,,US,New York,Corning Museum of Glass ,ewers (vessels),http://vocab.getty.edu/page/aat/300045666,object - vessel,,,,,-,https://glasscollection.cmog.org/objects/5115/the-daphne-ewer?ctx=2c38dbd5aaab7334950e821667f50aa3b9895952&idx=0,,,"Pothos, Charis (inscr.)",
euphro_001,Euphrosyne in Zeugma House of the Maenad,Euphrosyne,Euphrosyne,ΕΥΦΡΟΣΥΝΗ,LIMC-201724 Mosaic in Zeugma House of the Maenad,House of the Maenad,190,0190/0210,Zeugma (Belkis),https://pleiades.stoa.org/places/658636,https://gazetteer.dainst.org/place/2280310,37.058156,37.86983,,TR,Gaziantep,Gaziantep Museum,mosaics (visual works),http://vocab.getty.edu/page/aat/300015342,building - villa,,Ergec et al. (2007) Belkis Zeugma and its Mosaics,http://ark.dasch.swiss/ark:/72163/080e-76a64909e54dc-1,http://ark.dasch.swiss/ark:/72163/080e-76a64909e54dc-1,-,,,,Euphrosyne,
bios_003,Bios in Olba mosaic,Bios,Bios,ΒΙΟΣ,Mosaic with Tryphe - Bios - Protolousia,Villa under monastery,190,0190/0250 [arkeofili.com] - probably later,"Olba (in Cilicia, Silifke district) ",https://pleiades.stoa.org/places/648725,https://gazetteer.dainst.org/place/2287758,36.58519,33.956685,,TR,,in situ ?,mosaics (visual works),http://vocab.getty.edu/page/aat/300015342,building - villa ?,,Ertugrul (2015) https://arkeofili.com/mersindeki-olba-antik-kentinde-1800-yillik-mozaik-bulundu/.,https://arkeofili.com/mersindeki-olba-antik-kentinde-1800-yillik-mozaik-bulundu/,-,-,-,https://arkeofili.com/mersindeki-olba-antik-kentinde-1800-yillik-mozaik-bulundu/,,"Tryphe, Bios, Protolousia",
prot_001,Protolousia in Olba mosaic,Protolousia,Protolousia,ΠΡΩΤΟΛΟΥΣΙΑ,Mosaic with Tryphe - Bios - Protolousia,Villa under monastery,190,0190/0250 [arkeofili.com] - probably later,"Olba (in Cilicia, Silifke district) ",https://pleiades.stoa.org/places/648725,https://gazetteer.dainst.org/place/2287758,36.58519,33.956685,,TR,,in situ ?,mosaics (visual works),http://vocab.getty.edu/page/aat/300015342,building - villa ?,,Ertugrul (2015) https://arkeofili.com/mersindeki-olba-antik-kentinde-1800-yillik-mozaik-bulundu/.,https://arkeofili.com/mersindeki-olba-antik-kentinde-1800-yillik-mozaik-bulundu/,-,-,-,https://arkeofili.com/mersindeki-olba-antik-kentinde-1800-yillik-mozaik-bulundu/,,"Tryphe, Bios, Protolousia",
tryph_004,Tryphe in Olba mosaic,Tryphe,Tryphe,ΤΡΥΦΗ,Mosaic with Tryphe - Bios - Protolousia,Villa under monastery,190,0190/0250 [arkeofili.com] - probably later,"Olba (in Cilicia, Silifke district) ",https://pleiades.stoa.org/places/648725,https://gazetteer.dainst.org/place/2287758,36.58519,33.956685,,TR,,in situ ?,mosaics (visual works),http://vocab.getty.edu/page/aat/300015342,building - villa ?,,Ertugrul (2015) https://arkeofili.com/mersindeki-olba-antik-kentinde-1800-yillik-mozaik-bulundu/.,https://arkeofili.com/mersindeki-olba-antik-kentinde-1800-yillik-mozaik-bulundu/,-,-,-,https://arkeofili.com/mersindeki-olba-antik-kentinde-1800-yillik-mozaik-bulundu/,,"Tryphe, Bios, Protolousia",
agno_002,Agnoia in Heracles mosaic,Agnoia,Agnoia,ΑΓΝΟΙΑ,LIMC-201842 Heracles mosaic Agnoia,TO VERIFY,193,0193/0235,Emesa (Homs),https://pleiades.stoa.org/places/668261,,34.7376565,36.719319,,SY,Maarret en-No'man,Maarret en-No'man Museum,mosaics (visual works),http://vocab.getty.edu/page/aat/300015342,,,,http://ark.dasch.swiss/ark:/72163/080e-76a9a17599aee-3,http://ark.dasch.swiss/ark:/72163/080e-76a9a17599aee-3,-,,,,Agnoia,
euty_001,Eutychia at Corinth,Eutychia,Eutychia,[ΕΥΤΥ]ΧΙΑ,LIMC-27904 Corinth Agora,Corinth Agora,200,0200 ca.,Corinth,https://pleiades.stoa.org/places/570182,,37.9055221774,22.8792320194,,GR,Corinth,in situ,mosaics (visual works),http://vocab.getty.edu/page/aat/300015342,building - public building on forum,,Robinson (2012) – LIMC,http://ark.dasch.swiss/ark:/72163/080e-752f1d7b0e8d2-c,http://ark.dasch.swiss/ark:/72163/080e-752f1d7b0e8d2-c,-,,,,Eutychia,
akme_001,Akme in Nea Paphos House of Dionysos,Akme,Akme,ΑΚΜΗ,LIMC-7312 Nea Pahos House of Dionysos mosaic,House of Dionysos,200,0200/0300,Nea Paphos (Paphos),https://pleiades.stoa.org/places/474321362,https://gazetteer.dainst.org/place/2767674,34.7583276263,32.4057460414,,CY,Pafos,in situ,mosaics (visual works),http://vocab.getty.edu/page/aat/300015342,building - villa - corridor,,LIMC [Akme],http://ark.dasch.swiss/ark:/72163/080e-740b38f15c44d-2 ,http://ark.dasch.swiss/ark:/72163/080e-740b38f15c44d-2 ,-,,,,Akme,
anan_007,Ananeosis in Ananeosis Homonoia Ktisis mosaic in private collection,Ananeosis,Ananeosis,ΑΝΑΝΕΩΣΙΣ,LIMC-201969 Mosaic fragment with Ananeosis Homonoia Ktisis,unknown,200,0200/0300,unknown,-,-,,,,unknown,unknown,private collection,mosaics (visual works),http://vocab.getty.edu/page/aat/300015342,building,,LIMC - HJB Cat. 92 (1996) no. 666,http://ark.dasch.swiss/ark:/72163/080e-76adca7ed29dd-d,http://ark.dasch.swiss/ark:/72163/080e-76adca7ed29dd-d,-,,https://archive.org/details/harlanjberkltd920092harl/page/n28/mode/1up,,"Ktisis, Ananeosis, Homonoia",
homon_001,Homonoia in Ananeosis Homonoia Ktisis mosaic in private collection,Homonoia,Homonoia,ΟΜΟΝΟΙΑ,LIMC-201969 Mosaic fragment with Ananeosis Homonoia Ktisis,unknown,200,0200/0300,unknown,-,-,,,,,unknown,private collection,mosaics (visual works),http://vocab.getty.edu/page/aat/300015342,building,,LIMC - HJB Cat. 92 (1996) no. 666,http://ark.dasch.swiss/ark:/72163/080e-76adca7ed29dd-d,http://ark.dasch.swiss/ark:/72163/080e-76adca7ed29dd-d,-,,https://archive.org/details/harlanjberkltd920092harl/page/n28/mode/1up,,"Ktisis, Ananeosis, Homonoia",
ktis_014,Ktisis in Ananeosis Homonoia Ktisis mosaic in private collection,Ktisis,Ktisis,ΚΤΙΣΙΣ,LIMC-201969 Mosaic fragment with Ananeosis Homonoia Ktisis,unknown,200,0200/0300,unknown,-,-,,,,,unknown,private collection,mosaics (visual works),http://vocab.getty.edu/page/aat/300015342,building,,LIMC - HJB Cat. 92 (1996) no. 666,http://ark.dasch.swiss/ark:/72163/080e-76adca7ed29dd-d,http://ark.dasch.swiss/ark:/72163/080e-76adca7ed29dd-d,-,,https://archive.org/details/harlanjberkltd920092harl/page/n28/mode/1up,,"Ktisis, Ananeosis, Homonoia",
ktis_005,Ktisis in Amaseia mosaic,Ktisis,Ktisis,ΚΤΙΣΙΣ,EAD-cat192 Amaseia mosaic with Ktisis,public building,200,0200/0300 ca.,Amaseia (Amasya),https://pleiades.stoa.org/places/857018,https://gazetteer.dainst.org/place/2102314,40.66680835,35.82794385,2013,TR,Amasya,in situ ?,mosaics (visual works),http://vocab.getty.edu/page/aat/300015342,building,,Sondakika.com,https://www.sondakika.com/haber/haber-kacak-kazi-roma-mozaiklerinin-ortaya-5235299/,,,,https://www.sondakika.com/haber/haber-kacak-kazi-roma-mozaiklerinin-ortaya-5235299/,,"Ktisis, Pareboule",
pare_001,Pare[m]bole in Amaseia mosaic,Parembole,Parembole,ΠΑΡΕ ΒΟΛΗ,EAD-cat192 Amaseia mosaic with Ktisis,public building,200,0200/0300 ca.,Amaseia (Amasya),https://pleiades.stoa.org/places/857018,https://gazetteer.dainst.org/place/2102314,40.66680835,35.82794385,2013,TR,Amasya,in situ ?,mosaics (visual works),http://vocab.getty.edu/page/aat/300015342,building,,Sondakika.com,https://www.sondakika.com/haber/haber-kacak-kazi-roma-mozaiklerinin-ortaya-5235299/,,,,https://www.sondakika.com/haber/haber-kacak-kazi-roma-mozaiklerinin-ortaya-5235299/,,"Ktisis, Pareboule",
akme_002,Akme in Villa at Byblos,Akme,Akme,ΑΚΜΗ,LIMC-24483 Mosaic from Villa at Byblos,Villa at Byblos,200,0200/300 [LIMC],Byblos,https://pleiades.stoa.org/places/668216,,34.1192487924,35.6461246598,1964,LB,Beirut,National Museum of Beirut,mosaics (visual works),http://vocab.getty.edu/page/aat/300015342,building - villa,,Chehab (1975) Mosaiques inedites du Liban - LIMC,http://ark.dasch.swiss/ark:/72163/080e-74fe97b866b08-8,http://ark.dasch.swiss/ark:/72163/080e-74fe97b866b08-8,-,,,,"Charis, Akme",
char_002,Charis in Villa at Byblos,Charis,Charis,ΧΑΡΙΣ,LIMC-24483 Mosaic from Villa at Byblos,Villa at Byblos,200,0200/300 [LIMC],Byblos,https://pleiades.stoa.org/places/668216,,34.1192487924,35.6461246598,1964,LB,Beirut,National Museum of Beirut,mosaics (visual works),http://vocab.getty.edu/page/aat/300015342,building - villa,,Chehab (1975) Mosaiques inedites du Liban - LIMC,http://ark.dasch.swiss/ark:/72163/080e-74fe97b866b08-8,http://ark.dasch.swiss/ark:/72163/080e-74fe97b866b08-8,-,,,,"Charis, Akme",
amer_001,Amerimnia from Antioch Tomb at Kara Bourk,Amerimnia,Amerimnia,ΑΜΕΡΙΜΝΙΑ,A-III-p181 b320-M138 Tomb at Kara Bourk Amerimnia mosaic,Tomb of Amerimnia (Kara Bourk),235,0235/0312,Antiochia (Antakya),https://pleiades.stoa.org/places/658381,https://gazetteer.dainst.org/place/2283111,36.2225515,36.183214,1938? excavated,TR,Antakya,Hatay Archaeological Museum,mosaics (visual works),http://vocab.getty.edu/page/aat/300015342,building - sepulchral - tomb,,Levi (1947),https://vrc.princeton.edu/researchphotographs/s/antioch/item/16818,,https://vrc.princeton.edu/researchphotographs/s/antioch/item/16818,,,,Amerimnia,
bios_001,Bios in Antioch House of the Peddler of Erotes,Bios,Bios,ΒΙΟΣ,A-II-p190 4782-M69 House of the Peddler of Erotes Room 2,[11-U] House of the Peddler of Erotes,235,0235/0312,Antiochia (Antakya),https://pleiades.stoa.org/places/658381,https://gazetteer.dainst.org/place/2283111,36.2225515,36.183214,1935 excavated,TR,Antakya,Hatay Archaeological Museum,mosaics (visual works),http://vocab.getty.edu/page/aat/300015342,,,Levi (1947) 191-194 and pl.XLIII a-b – LIMC,https://vrc.princeton.edu/researchphotographs/s/antioch/item/11296,,https://vrc.princeton.edu/researchphotographs/s/antioch/item/11296,,,,"Bios, Eros",
komo_001,Komodia in Antioch House of Menander,Komodia,Komodia,ΚΩΜΩΔΙΑ,LIMC-15478 Mosaic with Komodia Glykera Menander in House of Menander,[DH-25/26-M/N] House of Menander,235,0235/0312,Antiochia (Antakya) – Daphne (Harbiye),https://pleiades.stoa.org/places/658450 ,-,36.1336355,36.1378635,1939,US,"Princeton, NJ",Princeton University Art Museum,mosaics (visual works),http://vocab.getty.edu/page/aat/300015342,building - villa,,Levi (1947) - LIMC,http://vrc.princeton.edu/archives/items/show/17242,http://ark.dasch.swiss/ark:/72163/080e-747efef4a45f7-c,http://vrc.princeton.edu/archives/items/show/17242,https://artmuseum.princeton.edu/collections/objects/21679,,,Komodia,
tryph_002,Tryphe in Antioch House of Menander,Tryphe,Tryphe,ΤΡΥΦΗ,LIMC-1609 Tryphe mosaic in House of Menander Room 13,[DH-25/26-M/N] House of Menander,235,0235/0312,Antiochia (Antakya) – Daphne (Harbiye),https://pleiades.stoa.org/places/658450 ,-,36.1336355,36.1378635,1939,TR,Antakya,Hatay Archaeological Museum,mosaics (visual works),http://vocab.getty.edu/page/aat/300015342,building - villa,,Levi (1947) - LIMC,http://vrc.princeton.edu/archives/items/show/17242,http://ark.dasch.swiss/ark:/72163/080e-73ba37d981223-9,http://vrc.princeton.edu/archives/items/show/17242,-,,,Tryphe,
bios_002,Bios in Antioch House of the Drunken Dionysus,Bios,Bios,ΒΙΟΣ,A-II-p193 4779-M66 House of the Drunken Dionysus Room 6,[15-R] House of the Drunken Dionysus,235,0235/0312* // 0300/0350,Antiochia (Antakya),https://pleiades.stoa.org/places/658381,https://gazetteer.dainst.org/place/2283111,36.2225515,36.183214,1935,TR,Antakya,Hatay Archaeological Museum,mosaics (visual works),http://vocab.getty.edu/page/aat/300015342,building - villa - corridor,,Levi (1947) - LIMC,https://vrc.princeton.edu/researchphotographs/s/antioch/item/11293,,https://vrc.princeton.edu/researchphotographs/s/antioch/item/11293,,,,"Tryphe, Bios",panel with fishing Eros from portico at Nasher at Duke
tryph_001,Tryphe in Antioch House of the Drunken Dionysus,Tryphe,Tryphe,ΤΡΥΦΗ,A-II-p193 4779-M66 House of the Drunken Dionysus Room 6,[15-R] House of the Drunken Dionysus,235,0235/0312* // 0300/0350,Antiochia (Antakya),https://pleiades.stoa.org/places/658381,https://gazetteer.dainst.org/place/2283111,36.2225515,36.183214,1935,TR,Antakya,Hatay Archaeological Museum,mosaics (visual works),http://vocab.getty.edu/page/aat/300015342,building - villa - corridor,,Levi (1947) - LIMC,https://vrc.princeton.edu/researchphotographs/s/antioch/item/11293,http://ark.dasch.swiss/ark:/72163/080e-73ba3f2b61dad-7,https://vrc.princeton.edu/researchphotographs/s/antioch/item/11293,,,,"Tryphe, Bios",panel with fishing Eros from portico at Nasher at Duke
plou_001,Ploutos in Seasons Mosaic at Suweida,Ploutos,Ploutos,ΠΛΟΥΤΟΣ,LIMC-9449 Seasons mosaic with Dionysos and Ariadne,Villa ?,250,0250 ca.,Philippopolis (Shahba),https://pleiades.stoa.org/places/678332,https://gazetteer.dainst.org/place/2281532,32.853765,36.627525,,SY,Suweida,Suweida Museum,mosaics (visual works),http://vocab.getty.edu/page/aat/300015342,building - villa ?,,Sartre-Fauriat/Sartre (2014) 497,http://ark.dasch.swiss/ark:/72163/080e-7429720236917-b,http://ark.dasch.swiss/ark:/72163/080e-7429720236917-b,-,-,,,"Ploutos, Ge, Seasons",
euphra_001,Euphrasia in Shaba mosaic with Graces and Seasons,Euphrasia,Euphrasia,ΕΥΦΡΑΣΙΑ,Shahba Mosaic of the three Graces and Seasons,,325,0250/0300,Philippopolis (Shahba),https://pleiades.stoa.org/places/678332,https://gazetteer.dainst.org/place/2281532,32.853765,36.627525,,SY,Shahba,Shahba Museum,mosaics (visual works),http://vocab.getty.edu/page/aat/300015342,building,,Sartre-Fauriat/Sartre (2014) - LIMC,http://ark.dasch.swiss/ark:/72163/080e-743c670f34b7d-1,http://ark.dasch.swiss/ark:/72163/080e-743c670f34b7d-1,-,,,,"Euphrasia, Pannychis, Charites (no label)",
panny_001,Pannychis in Shaba mosaic with Graces and Seasons,Pannychis,Pannychis,ΠΑΝΝΥΧΙΣ,Shahba Mosaic of the three Graces and Seasons,,250,0250/0300,Philippopolis (Shahba),https://pleiades.stoa.org/places/678332,https://gazetteer.dainst.org/place/2281532,32.853765,36.627525,,SY,Shahba,Shahba Museum,mosaics (visual works),http://vocab.getty.edu/page/aat/300015342,building,,Sartre-Fauriat/Sartre (2014) - LIMC,http://ark.dasch.swiss/ark:/72163/080e-743c670f34b7d-1,http://ark.dasch.swiss/ark:/72163/080e-743c670f34b7d-1,-,,,,"Euphrasia, Pannychis, Charites (no label)",
geor_001,Georgia in Shahba Cosmological Mosaic,Georgia,Georgia,ΓΕΩΡΓΙΑ,LIMC-393 Cosmological mosaic with Aion,TO VERIFY,250,0250/0310,Philippopolis (Shahba),https://pleiades.stoa.org/places/678332,https://gazetteer.dainst.org/place/2281532,32.853765,36.627525,,SY,Damascus,National Museum of Damascus,mosaics (visual works),http://vocab.getty.edu/page/aat/300015342,building - villa,,Sartre-Fauriat/Sartre (2014) pp. 504-505 - Quet (1999 - 2000) - LIMC,http://ark.dasch.swiss/ark:/72163/080e-73a938352462a-7 ,http://ark.dasch.swiss/ark:/72163/080e-73a938352462a-7 ,-,,,,"Aion, Ge, Georgia",
aret_001,Arete in Zeugma House of Euphrates,Arete,Arete,ΑΡΕΤΗ,LIMC-202016 Mosaic in Zeugma House of Euphrates dining room,House of Euphrates,275,0275/0300,Zeugma (Belkis),https://pleiades.stoa.org/places/658636,https://gazetteer.dainst.org/place/2280310,37.058156,37.86983,1999,TR,Gaziantep,Gaziantep Museum,mosaics (visual works),http://vocab.getty.edu/page/aat/300015342,building - villa - dining room,,Belkis Zeugma and its Mosaics (2007) - Onal (2008) Euphrates Evinin Mozaikleri,http://ark.dasch.swiss/ark:/72163/080e-76ab5c4f3550b-d,http://ark.dasch.swiss/ark:/72163/080e-76ab5c4f3550b-d,-,,,,"Sophia, Arete, Paideia",
paid_001,Paideia in Zeugma House of Euphrates,Paideia,Paideia,ΠΑΙΔΕΙΑ,LIMC-202016 Mosaic in Zeugma House of Euphrates dining room,House of Euphrates,275,0275/0300,Zeugma (Belkis),https://pleiades.stoa.org/places/658636,https://gazetteer.dainst.org/place/2280310,37.058156,37.86983,1999,TR,Gaziantep,Gaziantep Museum,mosaics (visual works),http://vocab.getty.edu/page/aat/300015342,building - villa - dining room,,Belkis Zeugma and its Mosaics (2007) - Onal (2008) Euphrates Evinin Mozaikleri,http://ark.dasch.swiss/ark:/72163/080e-76ab5c4f3550b-d,http://ark.dasch.swiss/ark:/72163/080e-76ab5c4f3550b-d,-,,,,"Sophia, Arete, Paideia",
soph_001,Sophia in Zeugma House of Euphrates,Sophia,Sophia,ΣΟΦΙΑ,LIMC-202016 Mosaic in Zeugma House of Euphrates dining room,House of Euphrates,275,0275/0300,Zeugma (Belkis),https://pleiades.stoa.org/places/658636,https://gazetteer.dainst.org/place/2280310,37.058156,37.86983,1999,TR,Gaziantep,Gaziantep Museum,mosaics (visual works),http://vocab.getty.edu/page/aat/300015342,building - villa - dining room,,Belkis Zeugma and its Mosaics (2007) - Onal (2008) Euphrates Evinin Mozaikleri,http://ark.dasch.swiss/ark:/72163/080e-76ab5c4f3550b-d,http://ark.dasch.swiss/ark:/72163/080e-76ab5c4f3550b-d,-,,,,"Sophia, Arete, Paideia",
epith_001,Epithymia in Garni Baths,Epithymia,Epithymia,ΕΠΙΘΥΜΙΑ,LIMC-656 Mosaic in Garni baths,Garni baths,290,0290/300 ,Garni,https://pleiades.stoa.org/places/863795,https://gazetteer.dainst.org/place/2043319,40.11231,44.7299878,,AM,Garni,in situ,mosaics (visual works),http://vocab.getty.edu/page/aat/300015342,building - bath,,LIMC,http://ark.dasch.swiss/ark:/72163/080e-73acd9d39ffa0-b,http://ark.dasch.swiss/ark:/72163/080e-73acd9d39ffa0-b,-,,,,"Agrios II, Aigialos, Bythos II, Ephialtes II, Epithymia I, Galene I, Glaukos I, Ino, Kallos II, Nereides, Okeanos/Oceanus, Peitho, Pothos I, Thalassa, Thetys I ",
gale_002,Galene in Garni Baths,Galene,Galene,ΓΑΛΗΝΗ,LIMC-656 Mosaic in Garni baths,Garni baths,290,0290/300 ,Garni,https://pleiades.stoa.org/places/863795,https://gazetteer.dainst.org/place/2043319,40.11231,44.7299878,,AM,Garni,in situ,mosaics (visual works),http://vocab.getty.edu/page/aat/300015342,building - bath,,LIMC,http://ark.dasch.swiss/ark:/72163/080e-73acd9d39ffa0-b,http://ark.dasch.swiss/ark:/72163/080e-73acd9d39ffa0-b,-,,,,"Agrios II, Aigialos, Bythos II, Ephialtes II, Epithymia I, Galene I, Glaukos I, Ino, Kallos II, Nereides, Okeanos/Oceanus, Peitho, Pothos I, Thalassa, Thetys I ",
kallos_001,Kallos in Garni Baths,Kallos,Kallos,ΚΑΛΛΟΣ,LIMC-656 Mosaic in Garni baths,Garni baths,290,0290/300 ,Garni,https://pleiades.stoa.org/places/863795,https://gazetteer.dainst.org/place/2043319,40.11231,44.7299878,,AM,Garni,in situ,mosaics (visual works),http://vocab.getty.edu/page/aat/300015342,building - bath,,LIMC,http://ark.dasch.swiss/ark:/72163/080e-73acd9d39ffa0-b,http://ark.dasch.swiss/ark:/72163/080e-73acd9d39ffa0-b,-,,,,"Agrios II, Aigialos, Bythos II, Ephialtes II, Epithymia I, Galene I, Glaukos I, Ino, Kallos II, Nereides, Okeanos/Oceanus, Peitho, Pothos I, Thalassa, Thetys I ",
poth_004,Pothos in Garni Baths,Pothos,Pothos,,LIMC-656 Mosaic in Garni baths,Garni baths,290,0290/300 ,Garni,https://pleiades.stoa.org/places/863795,https://gazetteer.dainst.org/place/2043319,40.11231,44.7299878,,AM,Garni,in situ,mosaics (visual works),http://vocab.getty.edu/page/aat/300015342,building - bath,,LIMC,http://ark.dasch.swiss/ark:/72163/080e-73acd9d39ffa0-b,http://ark.dasch.swiss/ark:/72163/080e-73acd9d39ffa0-b,-,,,,"Agrios II, Aigialos, Bythos II, Ephialtes II, Epithymia I, Galene I, Glaukos I, Ino, Kallos II, Nereides, Okeanos/Oceanus, Peitho, Pothos I, Thalassa, Thetys I ",
dika_001,Dikaiosyne in Shahba Banquet mosaic,Dikaiosyne,Dikaiosyne,ΔΙΚΑΙΟΣΥΝΗΙ,LIMC-10520 Mosaic with Euteknia Philosophia Dikaiosyne in Shahba Banquet House,Banquet House,300,0300/0325,Philippopolis (Shahba),https://pleiades.stoa.org/places/678332,https://gazetteer.dainst.org/place/2281532,32.853765,36.627525,1925 found,SY,Damascus,National Museum of Damascus,mosaics (visual works),http://vocab.getty.edu/page/aat/300015342,building - villa,,Sartre-Fauriat/Sartre (2014) 501-502,http://ark.dasch.swiss/ark:/72163/080e-743895dc84706-c,http://ark.dasch.swiss/ark:/72163/080e-743895dc84706-c,-,-,https://www.bildindex.de/document/obj20102416?medium=fmc1883285,,"Dikaiosyne, Philosophia, Euteknia",
eute_001,Eutekneia in Shahba Banquet mosaic,Eutekneia,Eutekneia,ΕΥΤΕΚΝΕΙΑ,LIMC-10520 Mosaic with Euteknia Philosophia Dikaiosyne in Shahba Banquet House,Banquet House,300,0300/0325,Philippopolis (Shahba),https://pleiades.stoa.org/places/678332,https://gazetteer.dainst.org/place/2281532,32.853765,36.627525,1925 found,SY,Damascus,National Museum of Damascus,mosaics (visual works),http://vocab.getty.edu/page/aat/300015342,building - villa,,Sartre-Fauriat/Sartre (2014) 501-502,http://ark.dasch.swiss/ark:/72163/080e-743895dc84706-c,http://ark.dasch.swiss/ark:/72163/080e-743895dc84706-c,-,-,https://www.bildindex.de/document/obj20102416?medium=fmc1883285,,"Dikaiosyne, Philosophia, Euteknia",
philos_001,Philosophia in Shahba Banquet mosaic,Philosophia,Philosophia,ΦΙΛΟΣΟΦΙΑ,LIMC-10520 Mosaic with Euteknia Philosophia Dikaiosyne in Shahba Banquet House,Banquet House,300,0300/0325,Philippopolis (Shahba),https://pleiades.stoa.org/places/678332,https://gazetteer.dainst.org/place/2281532,32.853765,36.627525,1925 found,SY,Damascus,National Museum of Damascus,mosaics (visual works),http://vocab.getty.edu/page/aat/300015342,building - villa,,Sartre-Fauriat/Sartre (2014) 501-502,http://ark.dasch.swiss/ark:/72163/080e-743895dc84706-c,http://ark.dasch.swiss/ark:/72163/080e-743895dc84706-c,-,-,https://www.bildindex.de/document/obj20102416?medium=fmc1883285,,"Dikaiosyne, Philosophia, Euteknia",
ktis_006,Ktisis in a Mosaic from Apamea (?),Ktisis,Ktisis,ΚΤΙΣΙΣ,Mosaic panel with the foundation of Antioch,unknown building,300,0300/0325 OR 0200/0400,Unknown – Apamea (?),https://pleiades.stoa.org/places/668335,-,35.4213771436,36.4024132802,2007 looted,-,unknown,unknown,mosaics (visual works),http://vocab.getty.edu/page/aat/300015342,building - villa,looted ca. 2007,Olszewski/Saad (2017),https://makedonia-alexandros.blogspot.com/2017/06/the-unique-mosaic-from-apamea.html,,-,-,https://makedonia-alexandros.blogspot.com/2017/06/the-unique-mosaic-from-apamea.html,,Ktisis,
euphro_003,Euphronesis in Khamissa Baths,Euphronesis,Euphronesis,ΕΥΦΡΩΝΗΣΙΣ,LIMC-26734 Euphronesis mosaic from private baths at Khamissa (Inv. Alg. 20),Bath at Khamissa (Algeria) ,300,0300/0400,Thubursicum Numidarum (Khamissa),https://pleiades.stoa.org/places/305166,https://gazetteer.dainst.org/place/2090212,36.1978175,7.6523805,,DZ,Guelma,Museum,mosaics (visual works),http://vocab.getty.edu/page/aat/300015342,building - baths,,LIMC - Dunbabin (1978) 146 – Dunbabin (1989) 20,http://ark.dasch.swiss/ark:/72163/080e-751e7cff1b2db-a ,http://ark.dasch.swiss/ark:/72163/080e-751e7cff1b2db-a ,-,-,,,Euphronesis,“Euphronesis” label otherwise unattested variant of Euphrosyne (Dunbabin 1989:20)
eirene_002,Eirene in Xanthos House of Meleager,Eirene,Eirene,ΕΙΡΗΝΗ,LIMC-14975 Mosaic in Xanthos House of Meleager,House of Meleager,300,0300/0400,Xanthos (in Lycia),https://pleiades.stoa.org/places/639166,https://gazetteer.dainst.org/place/2287765,36.357103128,29.3201889773,,TR,Antalya,Archaeological Museum,mosaics (visual works),http://vocab.getty.edu/page/aat/300015342,building - villa,,Maniere-Leveque (2009) 62-75,http://ark.dasch.swiss/ark:/72163/080e-7477d1ad4f5a9-7,http://ark.dasch.swiss/ark:/72163/080e-7477d1ad4f5a9-7,-,-,https://flic.kr/p/2gkZdGZ,,"Eirene, Euprepeia",
eupr_002,Euprepeia in Xanthos House of Meleager,Euprepeia,Euprepeia,ΕΥΠΡΕΠΕΙΑ,LIMC-14975 Mosaic in Xanthos House of Meleager,House of Meleager,300,0300/0400,Xanthos (in Lycia),https://pleiades.stoa.org/places/639166,https://gazetteer.dainst.org/place/2287765,36.357103128,29.3201889773,,TR,Antalya,Archaeological Museum,mosaics (visual works),http://vocab.getty.edu/page/aat/300015342,building - villa,,Maniere-Leveque (2009) 62-75,http://ark.dasch.swiss/ark:/72163/080e-7477d1ad4f5a9-7,http://ark.dasch.swiss/ark:/72163/080e-7477d1ad4f5a9-7,-,-,https://flic.kr/p/2gkZdGZ,,"Eirene, Euprepeia",
poth_005,Pothos in mosaic,Pothos,Pothos,,Pothos mosaic,,300,0300/0500 [own approximation],,,,,,,,Barcelona,J. Bagot Archaeology-Ancient Art,mosaics (visual works),http://vocab.getty.edu/page/aat/300015342,building - unknown context ?,"acquired, in the late 60's, from Asfar Brothers - Beirut.",Neira Jimenez 2017,,,-,,https://doi.org/10.26658/jmr.440574,,Pothos,
char_008,Charis on Benaki Roundel Kyra Charis,Charis,Charis,ΚΥΡΑ ΧΑΡΙΣ,Benaki-18298 Copper-alloy roundel Kyra Charis,None,300,0300/0700,,,,,,,GR,Athens,Benaki Museum,jewelry (worn costume accessories),http://vocab.getty.edu/page/aat/300209286,object - wearable,,Drandaki 2005,https://www.benaki.org/index.php?option=com_collectionitems&view=collectionitem&id=108259&Itemid=540&lang=en,,-,https://www.benaki.org/index.php?option=com_collectionitems&view=collectionitem&id=108259&Itemid=540&lang=en,,,Charis,Copper-alloy roundel with the repousse bust of a woman and the inscription KYPA XAPIC (Lady Grace)
char_009,Charis on Benaki Roundel Charis Hygieia,Charis,Charis,ΧΑΡΙΣ ΥΓΙΑ,Benaki-18299 Copper-alloy roundel Charis Hygieia,None,300,0300/0700,,,,,,,GR,Athens,Benaki Museum,jewelry (worn costume accessories),http://vocab.getty.edu/page/aat/300209286,object - wearable,,Drandaki 2005,,,-,,None,,Charis,
anan_001,Ananeosis in Antioch Constantinian Villa,Ananeosis,Ananeosis,[ΑΝΑΝ]ΕΩΣΙΣ,A-II-p197ff 5524-M93 Seasons mosaic in Antioch Constantinian Villa Room 1,[DH-26-K/L] Constantinian Villa,325,0325 ca.,Antiochia (Antakya) – Daphne (Harbiye),https://pleiades.stoa.org/places/658450 ,-,36.1336355,36.1378635,1935 excavated – 1939 acquired by Louvre,FR,Paris,Louvre,mosaics (visual works),http://vocab.getty.edu/page/aat/300015342,building - villa,-,A-II (1938) 197-200 - Levi (1947) – Stelkens (1963) 18-19 - Baratte (1978) 99-118 - Dunbabin (1999) 165-166 – LIMC,https://vrc.princeton.edu/researchphotographs/s/antioch/item/11768,http://ark.dasch.swiss/ark:/72163/080e-7477b0bcdc1bc-c,https://vrc.princeton.edu/researchphotographs/s/antioch/item/11768,https://collections.louvre.fr/en/ark:/53355/cl010250192,,,"Ktisis, Ananeosis, Euandria, Dynamis",
dyna_001,Dynamis in Antioch Constantinian Villa,Dynamis,Dynamis,ΔΥΝΑΜΙΣ,A-II-p197ff 5524-M93 Seasons mosaic in Antioch Constantinian Villa Room 1,[DH-26-K/L] Constantinian Villa,325,0325 ca.,Antiochia (Antakya) – Daphne (Harbiye),https://pleiades.stoa.org/places/658450 ,-,36.1336355,36.1378635,1935 excavated – 1939 acquired by Louvre,FR,Paris,Louvre,mosaics (visual works),http://vocab.getty.edu/page/aat/300015342,building - villa,-,A-II (1938) 197-200 - Levi (1947) – Stelkens (1963) 18-19 - Baratte (1978) 99-118 - Dunbabin (1999) 165-166 – LIMC,https://vrc.princeton.edu/researchphotographs/s/antioch/item/11741,http://ark.dasch.swiss/ark:/72163/080e-7477b0bcdc1bc-c,https://vrc.princeton.edu/researchphotographs/s/antioch/item/11741,https://collections.louvre.fr/en/ark:/53355/cl010250192,https://www.bildindex.de/document/obj20857786,,"Ktisis, Ananeosis, Euandria, Dynamis",
euan_001,Euandria in Antioch Constantinian Villa,Euandria,Euandria,ΕΥΑΝΔΡΙΑ,A-II-p197ff 5524-M93 Seasons mosaic in Antioch Constantinian Villa Room 1,[DH-26-K/L] Constantinian Villa,325,0325 ca.,Antiochia (Antakya) – Daphne (Harbiye),https://pleiades.stoa.org/places/658450 ,-,36.1336355,36.1378635,1935 excavated – 1939 acquired by Louvre,FR,Paris,Louvre,mosaics (visual works),http://vocab.getty.edu/page/aat/300015342,building - villa,-,A-II (1938) 197-200 - Levi (1947) – Stelkens (1963) 18-19 - Baratte (1978) 99-118 - Dunbabin (1999) 165-166 – LIMC,https://vrc.princeton.edu/researchphotographs/s/antioch/item/11772,http://ark.dasch.swiss/ark:/72163/080e-7477b0bcdc1bc-c,https://vrc.princeton.edu/researchphotographs/s/antioch/item/11772,https://collections.louvre.fr/en/ark:/53355/cl010250192,https://www.bildindex.de/document/obj20857776,,"Ktisis, Ananeosis, Euandria, Dynamis",
ktis_001,Ktisis in Antioch Constantinian Villa,Ktisis,Ktisis,ΚΤΙΣΙΣ,A-II-p197ff 5524-M93 Seasons mosaic in Antioch Constantinian Villa Room 1,[DH-26-K/L] Constantinian Villa,325,0325 ca.,Antiochia (Antakya) – Daphne (Harbiye),https://pleiades.stoa.org/places/658450 ,-,36.1336355,36.1378635,1935 excavated – 1939 acquired by Louvre,FR,Paris,Louvre,mosaics (visual works),http://vocab.getty.edu/page/aat/300015342,building - villa,-,A-II (1938) 197-200 - Levi (1947) – Stelkens (1963) 18-19 - Baratte (1978) 99-118 - Dunbabin (1999) 165-166 – LIMC,https://vrc.princeton.edu/researchphotographs/s/antioch/item/11764,http://ark.dasch.swiss/ark:/72163/080e-7477b0bcdc1bc-c,https://vrc.princeton.edu/researchphotographs/s/antioch/item/11764,https://collections.louvre.fr/en/ark:/53355/cl010250192,https://www.bildindex.de/document/obj20857783,,"Ktisis, Ananeosis, Euandria, Dynamis",
nekt_001,Nektar in Nea Paphos House of Aion,Nektar,Nektar,ΝΕΚΤΑΡ,LIMC-524 Nea Paphos House of Aion mosaic,House of Aion,325,0325/0350,Constantinople (Istanbul),https://pleiades.stoa.org/places/520998,https://gazetteer.dainst.org/place/2285315,41.0063714116,28.9653517362,,CY,Pafos,in situ,mosaics (visual works),http://vocab.getty.edu/page/aat/300015342,building - villa - dining room,,LIMC - Daszewski (1985) Dionysos der Erloser - Deckers (1986) - Nea Paphos. 50 Years of Polish Excavations 1965-2015,http://ark.dasch.swiss/ark:/72163/080e-73ab055b71d20-3,http://ark.dasch.swiss/ark:/72163/080e-73ab055b71d20-3,-,,,,"Aion, Plane, Krisis, Anatrophe, Ambrosia, Nektar, Theogonia",
ambr_001,Ambrosia in Nea Paphos House of Aion,Ambrosia,Ambrosia,ΑΜΒΡΟΣΙΑ,LIMC-524 Nea Paphos House of Aion mosaic,House of Aion,325,0325/0350,Nea Paphos (Paphos),https://pleiades.stoa.org/places/707586,https://gazetteer.dainst.org/place/2767674,34.757212,32.406593,,CY,Pafos,in situ,mosaics (visual works),http://vocab.getty.edu/page/aat/300015342,building - villa - dining room,,LIMC - Daszewski (1985) Dionysos der Erloser - Deckers (1986) - Nea Paphos. 50 Years of Polish Excavations 1965-2015,http://ark.dasch.swiss/ark:/72163/080e-73ab055b71d20-3,http://ark.dasch.swiss/ark:/72163/080e-73ab055b71d20-3,-,,,,"Aion, Plane, Krisis, Anatrophe, Ambrosia, Nektar, Theogonia",
anatr_001,Anatrophe in Nea Paphos House of Aion,Anatrophe,Anatrophe,ΑΝΑΤΡΟΦΗ,LIMC-524 Nea Paphos House of Aion mosaic,House of Aion,325,0325/0350,Nea Paphos (Paphos),https://pleiades.stoa.org/places/707586,https://gazetteer.dainst.org/place/2767674,34.757212,32.406593,,CY,Pafos,in situ,mosaics (visual works),http://vocab.getty.edu/page/aat/300015342,building - villa - dining room,,LIMC - Daszewski (1985) Dionysos der Erloser - Deckers (1986) - Nea Paphos. 50 Years of Polish Excavations 1965-2015,http://ark.dasch.swiss/ark:/72163/080e-73ab055b71d20-3,http://ark.dasch.swiss/ark:/72163/080e-73ab055b71d20-3,-,,,,"Aion, Plane, Krisis, Anatrophe, Ambrosia, Nektar, Theogonia",
krisis_002,Krisis in Nea Paphos House of Aion,Krisis,Krisis,[ΚΡΙΣ]ΙΣ,LIMC-524 Nea Paphos House of Aion mosaic,House of Aion,325,0325/0350,Nea Paphos (Paphos),https://pleiades.stoa.org/places/707586,https://gazetteer.dainst.org/place/2767674,34.757212,32.406593,,CY,Pafos,in situ,mosaics (visual works),http://vocab.getty.edu/page/aat/300015342,building - villa - dining room,,LIMC - Daszewski (1985) Dionysos der Erloser - Deckers (1986) - Nea Paphos. 50 Years of Polish Excavations 1965-2015,http://ark.dasch.swiss/ark:/72163/080e-73ab055b71d20-3,http://ark.dasch.swiss/ark:/72163/080e-73ab055b71d20-3,-,,,,"Aion, Plane, Krisis, Anatrophe, Ambrosia, Nektar, Theogonia",
plane_001,Plane in Nea Paphos House of Aion,Plane,Plane,ΠΛΑΝΗ,LIMC-524 Nea Paphos House of Aion mosaic,House of Aion,325,0325/0350,Nea Paphos (Paphos),https://pleiades.stoa.org/places/707586,https://gazetteer.dainst.org/place/2767674,34.757212,32.406593,,CY,Pafos,in situ,mosaics (visual works),http://vocab.getty.edu/page/aat/300015342,building - villa - dining room,,LIMC - Daszewski (1985) Dionysos der Erloser - Deckers (1986) - Nea Paphos. 50 Years of Polish Excavations 1965-2015,http://ark.dasch.swiss/ark:/72163/080e-73ab055b71d20-3,http://ark.dasch.swiss/ark:/72163/080e-73ab055b71d20-3,-,,,,"Aion, Plane, Krisis, Anatrophe, Ambrosia, Nektar, Theogonia",
theog_001,Theogonia in Nea Paphos House of Aion,Theogonia,Theogonia,ΘΕΟΓΟΝΙΑ,LIMC-524 Nea Paphos House of Aion mosaic,House of Aion,325,0325/0350,Nea Paphos (Paphos),https://pleiades.stoa.org/places/707586,https://gazetteer.dainst.org/place/2767674,34.757212,32.406593,,CY,Pafos,in situ,mosaics (visual works),http://vocab.getty.edu/page/aat/300015342,building - villa - dining room,,LIMC - Daszewski (1985) Dionysos der Erloser - Deckers (1986) - Nea Paphos. 50 Years of Polish Excavations 1965-2015,http://ark.dasch.swiss/ark:/72163/080e-73ab055b71d20-3,http://ark.dasch.swiss/ark:/72163/080e-73ab055b71d20-3,-,,,,"Aion, Plane, Krisis, Anatrophe, Ambrosia, Nektar, Theogonia",
poth_002,Pothos in Shahba mosaic with Dionysos and Ariadne,Pothos,Pothos,ΠΟΘΟΣ,LIMC-18244 Mosaic with Maron Dionysos Pothos Ariadne Heracles,Villa with mosaics of Orpheus Thetis Dionysos Ariadne,325,0325/0350,Philippopolis (Shahba),https://pleiades.stoa.org/places/678332,https://gazetteer.dainst.org/place/2281532,32.853765,36.627525,,SY,Shahba,in situ / Musee des mosaiques,mosaics (visual works),http://vocab.getty.edu/page/aat/300015342,building - villa,,Sartre-Fauriat/Sartre (2014) 505-506,http://ark.dasch.swiss/ark:/72163/080e-74a5f7e41b5b5-b,http://ark.dasch.swiss/ark:/72163/080e-74a5f7e41b5b5-b,-,,,,Pothos,
char_001,Charis in Shahba mosaic with Aphrodite and Ares,Charis,Charis,ΧΑΡΙΣ,LIMC-12502 Mosaic with Aphrodite Charis Ares Euprepeia Skope,Villa with mosaics of Orpheus Thetis Dionysos Ariadne,350,0350/0400,Philippopolis (Shahba),https://pleiades.stoa.org/places/678332,https://gazetteer.dainst.org/place/2281532,32.853765,36.627525,,SY,Shahba,in situ / Musee des mosaiques,mosaics (visual works),http://vocab.getty.edu/page/aat/300015342,building - villa,,Sartre-Fauriat/Sartre (2014) 507,http://ark.dasch.swiss/ark:/72163/080e-7454bc3d3a73b-c,http://ark.dasch.swiss/ark:/72163/080e-7454bc3d3a73b-c,-,,https://arachne.dainst.org/entity/5989692,,"Euprepeia, Charis, Skope",
eupr_001,Euprepeia in Shahba mosaic with Aphrodite and Ares,Euprepeia,Euprepeia,ΕΥΠΡ ΠΙΑ,LIMC-12502 Mosaic with Aphrodite Charis Ares Euprepeia Skope,Villa with mosaics of Orpheus Thetis Dionysos Ariadne,350,0350/0400,Philippopolis (Shahba),https://pleiades.stoa.org/places/678332,https://gazetteer.dainst.org/place/2281532,32.853765,36.627525,,SY,Shahba,in situ / Musee des mosaiques,mosaics (visual works),http://vocab.getty.edu/page/aat/300015342,building - villa,,Sartre-Fauriat/Sartre (2014) 507,http://ark.dasch.swiss/ark:/72163/080e-7454bc3d3a73b-c,http://ark.dasch.swiss/ark:/72163/080e-7454bc3d3a73b-c,-,,https://arachne.dainst.org/entity/5989692,,"Euprepeia, Charis, Skope",
skop_001,Skope in Shahba mosaic with Aphrodite and Ares,Skope,Skope,ΣΚΟΠΗ,LIMC-12502 Mosaic with Aphrodite Charis Ares Euprepeia Skope,Villa with mosaics of Orpheus Thetis Dionysos Ariadne,350,0350/0400,Philippopolis (Shahba),https://pleiades.stoa.org/places/678332,https://gazetteer.dainst.org/place/2281532,32.853765,36.627525,,SY,Shahba,in situ / Musee des mosaiques,mosaics (visual works),http://vocab.getty.edu/page/aat/300015342,building - villa,,Sartre-Fauriat/Sartre (2014) 507,http://ark.dasch.swiss/ark:/72163/080e-7454bc3d3a73b-c,http://ark.dasch.swiss/ark:/72163/080e-7454bc3d3a73b-c,-,,https://arachne.dainst.org/entity/5989692,,"Euprepeia, Charis, Skope",
bios_004,Bios at Toronto Royal Ontario Museum,Bios,Bios,ΒΙΟΣ,LIMC-1611 Mosaic with Tryphe and Bios (Obj.nr. 967.132),Unknown building with a floor mosaic with Tryphe Bios Ploutos Apolausis,350,0350/0400,Unknown – Emesa (Homs) attr.,https://pleiades.stoa.org/places/668261,,34.7376565,36.719319,,CA,Toronto,Royal Ontario Museum,mosaics (visual works),http://vocab.getty.edu/page/aat/300015342,building - unknown context,,LIMC,https://collections.rom.on.ca/objects/349113/wall-mosaic-with-allegorical-representation-of-life-and-easy,,-,https://collections.rom.on.ca/objects/349113/wall-mosaic-with-allegorical-representation-of-life-and-easy,,,"Tryphe, Bios",
tryph_003,Tryphe at Toronto Royal Ontario Museum,Tryphe,Tryphe,ΤΡΥΦΗ,LIMC-1611 Mosaic with Tryphe and Bios (Obj.nr. 967.132),Unknown building with a floor mosaic with Tryphe Bios Ploutos Apolausis,350,0350/0400,Unknown – Emesa (Homs) attr.,https://pleiades.stoa.org/places/668261,,34.7376565,36.719319,,CA,Toronto,Royal Ontario Museum,mosaics (visual works),http://vocab.getty.edu/page/aat/300015342,building - unknown context,,LIMC,http://ark.dasch.swiss/ark:/72163/080e-73ba3b82717e8-8,http://ark.dasch.swiss/ark:/72163/080e-73ba3b82717e8-8,-,https://collections.rom.on.ca/objects/349113/wall-mosaic-with-allegorical-representation-of-life-and-easy,,,"Tryphe, Bios",
geth_001,Gethosyne in Antioch Bath D,Gethosyne,Gethosyne,ΓΗ[ΘΟ]Σ[ΥΝΗ],A-II-p181 3004-M16 Antioch Bath D Room 3 Panel A,[10-M] Bath D ,350,0350/400,Antiochia (Antakya),https://pleiades.stoa.org/places/658381,https://gazetteer.dainst.org/place/2283111,36.2225515,36.183214,1933 excavated,TR,Antakya,Hatay Archaeological Museum,mosaics (visual works),http://vocab.getty.edu/page/aat/300015342,building - bath,,Levi (1947) - Campbell (1988),https://vrc.princeton.edu/researchphotographs/s/antioch/item/11657,http://ark.dasch.swiss/ark:/72163/080e-753edb0ccb913-3,https://vrc.princeton.edu/researchphotographs/s/antioch/item/11657,-,,,Gethosyne,
krisis_001,Krisis in Apamea mosaic,Krisis,Krisis,ΚΡΙΣΙΣ,,Building under the cathedral - Judgement of the Nereids,362,0362/0363,Apamea,https://pleiades.stoa.org/places/668335,,35.4213771436,36.4024132802,1971,SY,Apamea,Museum,mosaics (visual works),http://vocab.getty.edu/page/aat/300015342,building,,Balty (1995) pp.269 and 381 - LIMC,http://ark.dasch.swiss/ark:/72163/080e-73c2da709aeef-4,http://ark.dasch.swiss/ark:/72163/080e-73c2da709aeef-4,-,,,,"Krisis, Peitho",check if pleiades is correct
peith_001,,Peitho,Peitho,,,Building under the cathedral - Judgement of the Nereids,362,0362/0363,Apamea,https://pleiades.stoa.org/places/668335,,35.4213771436,36.4024132802,1971,SY,Apamea,Museum,mosaics (visual works),http://vocab.getty.edu/page/aat/300015342,building,,Balty (1995) pp.269 and 381 - LIMC,http://ark.dasch.swiss/ark:/72163/080e-73c2da709aeef-4,http://ark.dasch.swiss/ark:/72163/080e-73c2da709aeef-4,-,,,,"Krisis, Peitho",
agor_001,Agora in Necropolis of Mnemosyne,Agora,Agora,ΑΓΩΡΑ,A-II-p193 5032-M74-B Necropolis of Mnemosyne Agora Panel,[24-L Dig C] Necropolis of Mnemosyne,375,0375/0400,Antiochia (Antakya),https://pleiades.stoa.org/places/658381,https://gazetteer.dainst.org/place/2283111,36.2225515,36.183214,1935 excavated,US,"Worcester, MA",Worcester Art Museum,mosaics (visual works),http://vocab.getty.edu/page/aat/300015342,building - sepulchral area,,Levi (1947) - Becker and Kondoleon (),https://worcester.emuseum.com/objects/5274/floor-mosaic-of-personification-of-agora-abundance-of-the-m,,,https://worcester.emuseum.com/objects/5274/floor-mosaic-of-personification-of-agora-abundance-of-the-m,,,"Agora, Mnemosyne, Eukarpia, Euochia",
euka_001,Eukarpia in Necropolis of Mnemosyne,Eukarpia,Eukarpia,ΕΥΚΑΡΠΙΑ,A-II-p193 5032-M74-C Necropolis of Mnemosyne Eukarpia Panel,[24-L Dig C] Necropolis of Mnemosyne,375,0375/0400,Antiochia (Antakya),https://pleiades.stoa.org/places/658381,https://gazetteer.dainst.org/place/2283111,36.2225515,36.183214,1935,US,"Worcester, MA",Worcester Art Museum,mosaics (visual works),http://vocab.getty.edu/page/aat/300015342,building - sepulchral area,,Levi (1947) - Becker and Kondoleon (),https://vrc.princeton.edu/researchphotographs/s/antioch/item/12004,,https://vrc.princeton.edu/researchphotographs/s/antioch/item/12004,,,,"Agora, Mnemosyne, Eukarpia, Euochia",
euoc_001,Euochia in Necropolis of Mnemosyne,Euochia,Euochia,ΑΙΩΧΙΑ,A-II-p193 5032-M74-A Necropolis of Mnemosyne Symposium,[24-L Dig C] Necropolis of Mnemosyne,375,0375/0400,Antiochia (Antakya),https://pleiades.stoa.org/places/658381,https://gazetteer.dainst.org/place/2283111,36.2225515,36.183214,1935,US,"Worcester, MA",Worcester Art Museum,mosaics (visual works),http://vocab.getty.edu/page/aat/300015342,building - sepulchral area,,Levi (1947) - Becker and Kondoleon (),https://worcester.emuseum.com/objects/27632/mosaic-of-a-funerary-symposium,,,https://worcester.emuseum.com/objects/27632/mosaic-of-a-funerary-symposium,,,"Agora, Mnemosyne, Eukarpia, Euochia",
mnem_001,Mnemosyne in Necropolis of Mnemosyne,Mnemosyne,Mnemosyne,ΜΝΗΜΟΣΥΝΗ,A-II-p193 5032-M74-A Necropolis of Mnemosyne Symposium,[24-L Dig C] Necropolis of Mnemosyne,375,0375/0400,Antiochia (Antakya),https://pleiades.stoa.org/places/658381,https://gazetteer.dainst.org/place/2283111,36.2225515,36.183214,1935,US,"Worcester, MA",Worcester Art Museum,mosaics (visual works),http://vocab.getty.edu/page/aat/300015342,building - sepulchral area,,Levi (1947) - Becker and Kondoleon (),https://worcester.emuseum.com/objects/27632/mosaic-of-a-funerary-symposium,,,https://worcester.emuseum.com/objects/27632/mosaic-of-a-funerary-symposium,,,"Agora, Mnemosyne, Eukarpia, Euochia",
apol_001,Apolausis in Antioch Bath of Apolausis,Apolausis,Apolausis,ΑΠΟΛΑΥΣΙΣ,A-III-p183 b368-M144 Mosaic of Apolausis in Antioch Bath of Apolausis,Bath of Apolausis [Toprak-en-Narlidja],390,0390/0410 OR 0400/0425,Antiochia (Antakya) – Toprak-en-Narlidja/Narlıca,-,https://gazetteer.dainst.org/place/2230410,36.22817,36.19784,1937/1939,US,"Washington, DC",Dumbarton Oaks Research Library and Collection,mosaics (visual works),http://vocab.getty.edu/page/aat/300015342,building - baths,,A-III (1941) 183 - Levi (1947) 304 - Haslam (1976) - Jones (1981) 24 - Cimok (2000) 236-237 - LIMC,https://vrc.princeton.edu/researchphotographs/s/antioch/item/16765,http://ark.dasch.swiss/ark:/72163/080e-75f9535afad12-5,https://vrc.princeton.edu/researchphotographs/s/antioch/item/16765,http://museum.doaks.org/objects-1/info/30420 ,https://www.getty.edu/publications/romanmosaics/catalogue/excavations-antioch/,,"Apolausis, Soteria",
soter_001,Soteria in Antioch Bath of Apolausis,Soteria,Soteria,ΣΩΤΗΡΙΑ,A-III-p182 b366-M142 Mosaic of Soteria in Antioch Bath of Apolausis,Bath of Apolausis [Toprak-en-Narlidja],390,0390/0410 OR 0400/0425,Antiochia (Antakya) – Toprak-en-Narlidja/Narlıca,-,https://gazetteer.dainst.org/place/2230410,36.22817,36.19784,1937/1939,TR,Antakya,Hatay Archaeological Museum,mosaics (visual works),http://vocab.getty.edu/page/aat/300015342,building - baths,,A-III (1941) 182 - Levi (1947) - Haslam (1976) - Cimok (2000) 234-235 - LIMC,https://vrc.princeton.edu/researchphotographs/s/antioch/item/15091,http://ark.dasch.swiss/ark:/72163/080e-7414ea5df0c0b-5,https://vrc.princeton.edu/researchphotographs/s/antioch/item/15091,-,https://www.getty.edu/publications/romanmosaics/catalogue/excavations-antioch/,,"Apolausis, Soteria",
char_006,Charis on Turbe Necklace,Charis,Charis,ΧΑΡΙΣ,Travnik Gold Necklace from Turbe-Varosluk-Crkvina,Tomb under basilica,390,0390/0500,Bersellum (Turbe),https://pleiades.stoa.org/places/197164,,44.244909,17.593458,1919 found,BA,Travnik,Travnik County Museum,jewelry (worn costume accessories),http://vocab.getty.edu/page/aat/300209286,object - wearable,,,,,-,,,,Charis,
diath_001,Diatheke in Kimbros mosaics,Diatheke,Diatheke,,Kimbros mosaics,unknown,390,0390/0500,unknown,-,-,,,,US,unknown,multiple private collections,mosaics (visual works),http://vocab.getty.edu/page/aat/300015342,building - unknown,,Marinescu/Cox/Wachter (2005 - 2007) - Cox/Marinescu/Wachter (2015) ,http://ark.dasch.swiss/ark:/72163/080e-76b489f9fcd15-8,http://ark.dasch.swiss/ark:/72163/080e-76b489f9fcd15-8,-,,,,"Paideia, Nosos, Philia, Menusis, Glykera [name], Diatheke, Enteuxis, Proeleusis",
dial_001,Diaeleuthera in Kimbros mosaics,Diaeleuthera,Diaeleuthera,,Kimbros mosaics,unknown,390,0390/0500,unknown,-,-,,,,US,unknown,multiple private collections,mosaics (visual works),http://vocab.getty.edu/page/aat/300015342,building - unknown,,Marinescu/Cox/Wachter (2005 - 2007) - Cox/Marinescu/Wachter (2015) ,http://ark.dasch.swiss/ark:/72163/080e-76b489f9fcd15-8,http://ark.dasch.swiss/ark:/72163/080e-76b489f9fcd15-8,-,,,,"Paideia, Nosos, Philia, Menusis, Glykera [name], Diatheke, Enteuxis, Proeleusis",
enteu_001,Enteuxis in Kimbros mosaics,Enteuxis,Enteuxis,,Kimbros mosaics,unknown,390,0390/0500,unknown,-,-,,,,US,unknown,multiple private collections,mosaics (visual works),http://vocab.getty.edu/page/aat/300015342,building - unknown,,Marinescu/Cox/Wachter (2005 - 2007) - Cox/Marinescu/Wachter (2015) ,http://ark.dasch.swiss/ark:/72163/080e-76b489f9fcd15-8,http://ark.dasch.swiss/ark:/72163/080e-76b489f9fcd15-8,-,,,,"Paideia, Nosos, Philia, Menusis, Glykera [name], Diatheke, Enteuxis, Proeleusis",
menu_001,Menusis in Kimbros mosaics,Menusis,Menusis,ΜΗΝΥΣΙΣ,Kimbros mosaics,unknown,390,0390/0500,unknown,-,-,,,,US,unknown,multiple private collections,mosaics (visual works),http://vocab.getty.edu/page/aat/300015342,building - unknown,,Marinescu/Cox/Wachter (2005 - 2007) - Cox/Marinescu/Wachter (2015) ,http://ark.dasch.swiss/ark:/72163/080e-76b489f9fcd15-8,http://ark.dasch.swiss/ark:/72163/080e-76b489f9fcd15-8,-,,,,"Paideia, Nosos, Philia, Menusis, Glykera [name], Diatheke, Enteuxis, Proeleusis",
nosos_001,Nosos in Kimbros mosaics (1),Nosos,Nosos,ΝΟΣΟΣ,Kimbros mosaics,unknown,390,0390/0500,unknown,-,-,,,,US,unknown,multiple private collections,mosaics (visual works),http://vocab.getty.edu/page/aat/300015342,building - unknown,,Marinescu/Cox/Wachter (2005 - 2007) - Cox/Marinescu/Wachter (2015) ,http://ark.dasch.swiss/ark:/72163/080e-76b489f9fcd15-8,http://ark.dasch.swiss/ark:/72163/080e-76b489f9fcd15-8,-,,,,"Paideia, Nosos, Philia, Menusis, Glykera [name], Diatheke, Enteuxis, Proeleusis",
nosos_002,Nosos in Kimbros mosaics (2),Nosos,Nosos,ΝΟΣΟΣ,Kimbros mosaics,unknown,390,0390/0500,unknown,-,-,,,,US,unknown,multiple private collections,mosaics (visual works),http://vocab.getty.edu/page/aat/300015342,building - unknown,,Marinescu/Cox/Wachter (2005 - 2007) - Cox/Marinescu/Wachter (2015) ,http://ark.dasch.swiss/ark:/72163/080e-76b489f9fcd15-8,http://ark.dasch.swiss/ark:/72163/080e-76b489f9fcd15-8,-,,,,"Paideia, Nosos, Philia, Menusis, Glykera [name], Diatheke, Enteuxis, Proeleusis",
paid_002,Paideia in Kimbros mosaics,Paideia,Paideia,ΠΕΔΙΑ,Kimbros mosaics,unknown,390,0390/0500,unknown,-,-,,,,US,unknown,multiple private collections,mosaics (visual works),http://vocab.getty.edu/page/aat/300015342,building - unknown,,Marinescu/Cox/Wachter (2005 - 2007) - Cox/Marinescu/Wachter (2015) ,http://ark.dasch.swiss/ark:/72163/080e-76b489f9fcd15-8,http://ark.dasch.swiss/ark:/72163/080e-76b489f9fcd15-8,-,,,,"Paideia, Nosos, Philia, Menusis, Glykera [name], Diatheke, Enteuxis, Proeleusis",
philia_001,Philia in Kimbros mosaics,Philia,Philia,ΦΙΛΙΑ,Kimbros mosaics,unknown,390,0390/0500,unknown,-,-,,,,US,unknown,multiple private collections,mosaics (visual works),http://vocab.getty.edu/page/aat/300015342,building - unknown,,Marinescu/Cox/Wachter (2005 - 2007) - Cox/Marinescu/Wachter (2015) ,http://ark.dasch.swiss/ark:/72163/080e-76b489f9fcd15-8,http://ark.dasch.swiss/ark:/72163/080e-76b489f9fcd15-8,-,,,,"Paideia, Nosos, Philia, Menusis, Glykera [name], Diatheke, Enteuxis, Proeleusis",
proel_001,Proeleusis in Kimbros mosaics,Proeleusis,Proeleusis,ΠΡΟΕΛΕΥΣΙΣ,Kimbros mosaics,unknown,390,0390/0500,unknown,-,-,,,,US,unknown,multiple private collections,mosaics (visual works),http://vocab.getty.edu/page/aat/300015342,building - unknown,,Marinescu/Cox/Wachter (2005 - 2007) - Cox/Marinescu/Wachter (2015) ,http://ark.dasch.swiss/ark:/72163/080e-76b489f9fcd15-8,http://ark.dasch.swiss/ark:/72163/080e-76b489f9fcd15-8,-,,,,"Paideia, Nosos, Philia, Menusis, Glykera [name], Diatheke, Enteuxis, Proeleusis",
eute_002,Eutekneia in Kadirli mosaic,Eutekneia,Eutekneia,ΕΥΤΕΚΝΕΙΑ,Mosaic panel of Eutekneia in Seasons mosaic in the atrium of a villa,Roman Villa in Flaviopolis (Kadirli),400,0400-0600,Phlaouiopolis/Flaviopolis (Kadirli),https://pleiades.stoa.org/places/658569,-,37.3664785,36.1015675,2018-2020 excavated,TR,,in situ,mosaics (visual works),http://vocab.getty.edu/page/aat/300015342,building - villa,,Eroy/Kocer/Serin (2022),,,-,,https://www.ancientpages.com/2020/11/16/ancient-mona-lisa-mosaic-of-kadirli-discovered/,,"Euteknia, Seasons","atrtium mosaic north west of ornamental pool, panel with Kassiopeia and nereids in the same floor"
ktis_010,Ktisis in Kourion Bath of Eustolios,Ktisis,Ktisis,ΚΤΙΣΙΣ,LIMC-15674 Ktisis mosaic in Bath at Eustolios,Baths of Eustolios,400,0400/0450,Kourion,https://pleiades.stoa.org/places/707549,https://gazetteer.dainst.org/place/2044202,34.6654290132,32.8858604166,1948/1950 excavated,CY,Kourion,in situ,mosaics (visual works),http://vocab.getty.edu/page/aat/300015342,building - baths,,LIMC - Mitford (1971) 358f - Michaelides (1987 -1989 - 1992),http://ark.dasch.swiss/ark:/72163/080e-7481c8a3bab06-9,http://ark.dasch.swiss/ark:/72163/080e-7481c8a3bab06-9,-,,,,Ktisis,
anan_004,Ananeosis in Antioch Harbiye,Ananeosis,Ananeosis,[ΑΝΑ]ΝΕΩΣΙΣ,Ananeosis mosaic from 2005 excavation at Antioch Harbiye,,400,0400/0500,Antiochia (Antakya) – Daphne (Harbiye),https://pleiades.stoa.org/places/658450 ,-,36.1336355,36.1378635,2005,TR,Antakya,Hatay Archaeological Museum,mosaics (visual works),http://vocab.getty.edu/page/aat/300015342,building,,"“Çelik, Ömer. ‘2006 Yılı Hatay Müzesi Mozaik Kurtarma Kazıları / Mosaic Rescue Excavations by Hatay Museum – 2006’. In IV. Uluslararası Türkiye Mozaik Korpusu Sempozyumu Bildirileri, Geçmişten Günümüze Mozaik Köprüsü, 6-10 Haziran 2007, Gaziantep / The Proceeding of IV. International Mosaic Corpus of Türkiye, ‘The Mosaic Bridge from Past to Present’, 6-10 June 2007, Gaziantep, edited by Mustafa Şahin, 27–33. Bursa, 2008”",https://pbase.com/dosseman/ananeosis2 ,,-,-,https://pbase.com/dosseman/ananeosis2 ,,Ananeosis,
ambr_002,Ambrosia in Nea Paphos Villa of Theseus,Ambrosia,Ambrosia,ΑΝΒΡΟΣΙΑ,LIMC-6816 Mosaic Panel with First Baths of Achilles in Nea Paphos Villa of Theseus,Villa of Theseus,400,0400/0500,Nea Paphos (Paphos),https://pleiades.stoa.org/places/707586,https://gazetteer.dainst.org/place/2767674,34.757212,32.406593,,CY,Pafos,in situ,mosaics (visual works),http://vocab.getty.edu/page/aat/300015342,building - villa,,Michaelides (1987) 44-45,http://ark.dasch.swiss/ark:/72163/080e-740442901ca8a-7,http://ark.dasch.swiss/ark:/72163/080e-740442901ca8a-7,-,-,,,"Anatrophe, Ambrosia",
anatr_002,Anatrophe in Nea Paphos Villa of Theseus,Anatrophe,Anatrophe,ΑΝΑΤΡΟΦΗ,LIMC-6816 Mosaic Panel with First Baths of Achilles in Nea Paphos Villa of Theseus,Villa of Theseus,400,0400/0500,Nea Paphos (Paphos),https://pleiades.stoa.org/places/707586,https://gazetteer.dainst.org/place/2767674,34.757212,32.406593,,CY,Pafos,in situ,mosaics (visual works),http://vocab.getty.edu/page/aat/300015342,building - villa,,Michaelides (1987) 44-45,http://ark.dasch.swiss/ark:/72163/080e-740442901ca8a-7,http://ark.dasch.swiss/ark:/72163/080e-740442901ca8a-7,-,-,,,"Anatrophe, Ambrosia",
char_010,Charis in a Reliquary (?) in Munich,Charis,Charis,ΧΑΡΙΣ ΘΕΟΥ,Reliquary (?) with biblical scenes in Munich,None,400,0400/0500,Unknown – Egypt (?),-,https://gazetteer.dainst.org/place/2768126,27,30,,DE,Munich,Private collection,reliquary (?),,object,Egypt (?),Wamser-Zahlhaas 1998 cat. no. 17,,,-,,,,Charis,medallion with Charis Theou
mega_003,Megalopsychia in Antioch Haraparasi,Megalopsychia,Megalopsychia,ΜΕΓΑΛΟΨΥΧΙΑ,Megalopsychia mosaic in Antioch Harapasi - The Museum Hotel Antakya,Building near Valens Forum,400,0400/0600,Antiochia (Antakya),https://pleiades.stoa.org/places/658381,https://gazetteer.dainst.org/place/2283111,36.2225515,36.183214,2010/2012,TR,Antakya,in situ - The Museum Hotel Antakya,mosaics (visual works),http://vocab.getty.edu/page/aat/300015342,building - villa,,Pamir (2014),https://www.themuseumhotelantakya.com/the-museum/index-more.php,,,https://www.themuseumhotelantakya.com/the-museum/index-more.php,https://flic.kr/p/2okWKEW,,Megalopsychia,
ktis_008,Ktisis in Sanliurfa Villa of the Amazons,Ktisis,Ktisis,ΚΤΙΣΙΣ,Ktisis mosaic in Edessa/Sanliurfa Haleplibahce Villa of the Amazons,Haleplibahce - Villa of the Amazons,400,0400/0600,Edessa (Sanliurfa),https://pleiades.stoa.org/places/658457,,37.1625575,38.781432,2006/2007,TR,Sanliurfa,in situ / Sanliurfa Museum,mosaics (visual works),http://vocab.getty.edu/page/aat/300015342,building - villa,,Aydemir et. al. (2008) - Merola (2010),,,-,,https://paulsmit.smugmug.com/Features/Asia/Turkey/Byzantine-mosaics-Urfa,,Ktisis,
tryph_005,Tryphe in Sinop mosaic,Tryphe,Tryphe,[ΤΡ]ΥΦΗ,Mosaic fragment with Tryphe from Sinope,Villa ?,400,0400/0600 [own approximation],Sinope (Sinop),https://pleiades.stoa.org/places/857321,https://gazetteer.dainst.org/place/2280255,42.025776,35.143037,,TR,Sinop,Sinop Archaeological Museum,mosaics (visual works),http://vocab.getty.edu/page/aat/300015342,building,,Tulek (2011) The Bejewelled Lady of Sinope,,,-,,https://www.researchgate.net/publication/276278323_The_Bejewelled_Lady_of_Sinope,,Tryphe,
anan_003,Ananeosis in Antioch Sector 10-Q,Ananeosis,Ananeosis,ΑΝΑΝΕΩΣΙΣ,A-III-p171 a829-M107 Mosaic of Ananeosis from Sector 10-Q,[10-Q] Building - Mosaic of Ananeosis,450,0450/0475,Antiochia (Antakya),https://pleiades.stoa.org/places/658381,https://gazetteer.dainst.org/place/2283111,36.2225515,36.183214,1935/1938 excavated,TR,Antakya,Hatay Archaeological Museum,mosaics (visual works),http://vocab.getty.edu/page/aat/300015342,building - villa,,Levi (1947) 320 - Campbell (1988) 27,https://vrc.princeton.edu/researchphotographs/s/antioch/item/14514 ,,https://vrc.princeton.edu/researchphotographs/s/antioch/item/14514 ,,,,Ananeosis,
ktis_002,Ktisis in Antioch House of Ge and the Seasons,Ktisis,Ktisis,ΚΤΙΣΙΣ,A-II-p194 5139-M78 House of Ge and the Seasons Room 4,[DH 24-P] House of Ge and the Seasons,450,0450/0475,Antiochia (Antakya) – Daphne (Harbiye),https://pleiades.stoa.org/places/658450 ,-,36.1336355,36.1378635,1935,US,"Worcester, MA",Worcester Art Museum,mosaics (visual works),http://vocab.getty.edu/page/aat/300015342,building - villa,,LIMC - EAA - Levi (1947) 55  346f,https://vrc.princeton.edu/researchphotographs/s/antioch/item/13041,,https://vrc.princeton.edu/researchphotographs/s/antioch/item/13041,,,,"Ktisis, Ge",
mega_002,Megalopsychia at Antioch Yakto Complex,Megalopsychia,Megalopsychia,ΜΕΓΑΛΟΨΥΧΙΑ,A-I-p114ff Antioch Villa at Yakto,[DY 17/18 H/J] Villa at Yakto in Daphne,450,0450/0500,Antiochia (Antakya) – Daphne (Harbiye),https://pleiades.stoa.org/places/658450 ,-,36.1336355,36.1378635,1932 excavated,TR,Antakya,Hatay Archaeological Museum,mosaics (visual works),http://vocab.getty.edu/page/aat/300015342,building - villa ?,,Levi (1947) - LIMC,https://vrc.princeton.edu/researchphotographs/s/antioch/item/16620 ,,https://vrc.princeton.edu/researchphotographs/s/antioch/item/16620 ,,,,Megalopsychia,
eirene_001,Eirene in Plovdiv House of Eirene,Eirene,Eirene,ΕΙΡΗΝΗ,Mosaic with Eirene,House of Eirene,450,0450/0500,Philippopolis/Trimontium (Plovdiv),https://pleiades.stoa.org/places/216927,https://gazetteer.dainst.org/place/2066626,42.145589,24.749474,,BG,Plovdiv,in situ,mosaics (visual works),http://vocab.getty.edu/page/aat/300015342,building - villa,-,Pillinger/Lirsch/Popova (2016),https://www.romanplovdiv.org/%d1%81%d0%b3%d1%80%d0%b0%d0%b4%d0%b0-%d0%b5%d0%b9%d1%80%d0%b5%d0%bd%d0%b5/,-,-,,https://www.romanplovdiv.org/%d1%81%d0%b3%d1%80%d0%b0%d0%b4%d0%b0-%d0%b5%d0%b9%d1%80%d0%b5%d0%bd%d0%b5/,,Eirene,
anan_002,Ananeosis at Antioch House of the Sea Goddess,Ananeosis,Ananeosis,[ΑΝΑΝΕ]ΩΣΙΣ,A-III-p207f b684-M154 Personifications mosaic in Seleukeia (Antioch) House of the Sea Goddess coridor ,[S 18-C] House of the Sea Goddess,475,0475/0500,Antiochia (Antakya) – Seleukeia Pieria ,https://pleiades.stoa.org/places/658483,https://gazetteer.dainst.org/place/2347921,36.1212645,35.9285965,1938 excavated,US,"Princeton, NJ",Princeton University Art Museum,mosaics (visual works),http://vocab.getty.edu/page/aat/300015342,building - villa,"Gift of the Harvard University Art Museums, previously in Fogg Art Museum",A-III (1941) 207-208 - Levi (1947) 349-350 – Jones (1981) 18 – LIMC,https://vrc.princeton.edu/researchphotographs/s/antioch/item/17419,http://ark.dasch.swiss/ark:/72163/080e-7481d39e8bc55-3,https://vrc.princeton.edu/researchphotographs/s/antioch/item/17419,https://artmuseum.princeton.edu/collections/objects/32228,,,"Ktisis, Ananeosis, Euandria, Dynamis",
dyna_002,Dynamis at Antioch House of the Sea Goddess,Dynamis,Dynamis,,A-III-p207f b684-M154 Personifications mosaic in Seleukeia (Antioch) House of the Sea Goddess coridor ,[S 18-C] House of the Sea Goddess,475,0475/0500,Antiochia (Antakya) – Seleukeia Pieria ,https://pleiades.stoa.org/places/658483,https://gazetteer.dainst.org/place/2347921,36.1212645,35.9285965,1938 excavated,US,"Princeton, NJ",Princeton University Art Museum,mosaics (visual works),http://vocab.getty.edu/page/aat/300015342,building - villa,"Gift of the Harvard University Art Museums, previously in Fogg Art Museum",A-III (1941) 207-208 - Levi (1947) 349-350 – Jones (1981) 18 – LIMC,https://vrc.princeton.edu/researchphotographs/s/antioch/item/17419,http://ark.dasch.swiss/ark:/72163/080e-7481d39e8bc55-3,https://vrc.princeton.edu/researchphotographs/s/antioch/item/17419,https://artmuseum.princeton.edu/collections/objects/32228,,,"Ktisis, Ananeosis, Euandria, Dynamis",
euan_002,Euandria at Antioch House of the Sea Goddess,Euandria,Euandria,,A-III-p207f b684-M154 Personifications mosaic in Seleukeia (Antioch) House of the Sea Goddess coridor ,[S 18-C] House of the Sea Goddess,475,0475/0500,Antiochia (Antakya) – Seleukeia Pieria ,https://pleiades.stoa.org/places/658483,https://gazetteer.dainst.org/place/2347921,36.1212645,35.9285965,1938 excavated,US,"Princeton, NJ",Princeton University Art Museum,mosaics (visual works),http://vocab.getty.edu/page/aat/300015342,building - villa,"Gift of the Harvard University Art Museums, previously in Fogg Art Museum",A-III (1941) 207-208 - Levi (1947) 349-350 – Jones (1981) 18 – LIMC,https://vrc.princeton.edu/researchphotographs/s/antioch/item/17419,http://ark.dasch.swiss/ark:/72163/080e-7481d39e8bc55-3,https://vrc.princeton.edu/researchphotographs/s/antioch/item/17419,https://artmuseum.princeton.edu/collections/objects/32228,,,"Ktisis, Ananeosis, Euandria, Dynamis",
ktis_003,Ktisis at Antioch House of the Sea Goddess,Ktisis,Ktisis,Κ[ΤΙ]ΣΙ[Σ],A-III-p207f b684-M154 Personifications mosaic in Seleukeia (Antioch) House of the Sea Goddess coridor ,[S 18-C] House of the Sea Goddess,475,0475/0500,Antiochia (Antakya) – Seleukeia Pieria ,https://pleiades.stoa.org/places/658483,https://gazetteer.dainst.org/place/2347921,36.1212645,35.9285965,1938 excavated,US,"Princeton, NJ",Princeton University Art Museum,mosaics (visual works),http://vocab.getty.edu/page/aat/300015342,building - villa,"Gift of the Harvard University Art Museums, previously in Fogg Art Museum",A-III (1941) 207-208 - Levi (1947) 349-350 – Jones (1981) 18 – LIMC,https://vrc.princeton.edu/researchphotographs/s/antioch/item/17419,http://ark.dasch.swiss/ark:/72163/080e-7481d39e8bc55-3,https://vrc.princeton.edu/researchphotographs/s/antioch/item/17419,https://artmuseum.princeton.edu/collections/objects/32228,,,"Ktisis, Ananeosis, Euandria, Dynamis",
char_011,Charis on Heaklea Helmet,Charis,Charis,ΧΑΡΙ[Σ] ΥΓΙΑ,ICG-3626 Bronze helmet from Heraklea Lynkestis (Bitola),Basilica C,497,0497/523,Heraklea Lynkestis (Bitola),https://pleiades.stoa.org/places/481861,-,41.024885,21.338242,1966 found,MK,Bitola,NI Institute and Museum Bitola,helmets (protective wear),http://vocab.getty.edu/page/aat/300036794,object - wearable,Bitola,ZAnt (ZivaAnt) 36 pp.71-88 - SEG 36 Nr. 621 bis  - �Bull. Epig. (BE) 1990 602/Nr. 897,https://icg.uni-kiel.de/icg/ICG_webapp/inscription/show/3626,,-,,https://icg.uni-kiel.de/icg/ICG_webapp/inscription/show/3626,,"Charis, Charis (inscr.), Hygieia (inscr.)",
char_004,Charis on Worcester Bracelet,Charis,Charis,ΧΑΡΙΣ,WAM-2001.87 Bracelet Charis,None,500,0500 ca.,unknown,-,-,,,,US,"Worcester, MA",Worcester Art Museum,jewelry (worn costume accessories),http://vocab.getty.edu/page/aat/300209286,object - wearable,,worcester.emuseum.com,https://worcester.emuseum.com/objects/34876/bracelet ,,-,https://worcester.emuseum.com/objects/34876/bracelet ,,,Charis,
char_005,Charis on Bracelet private coll,Charis,Charis,ΧΑΡΙΣ,priv-coll Bracelet Charis,None,500,0500 ca. [?],unknown,-,-,,,,,,unknown private collection,jewelry (worn costume accessories),http://vocab.getty.edu/page/aat/300209286,object - wearable,,From Attila to Charlemagne (2000) 64 [and end note 44],,,-,,,,Charis,two bracelets described together -- description corresponds to Charis bracelet in Worcester
kt_char_anan,Ktisis/Charis/Ananeosis in Olympos Episkopeion,Ktisis; Charis; Ananeosis,Ktisis/Charis/Ananeosis,ΚΤΙΣΙΣ ΧΑΡΙΣ ΑΝΑΝΕΩΣΙΣ,"Mosaic panel of a personification with three name labels (Ktisis, Charis and Ananeosis) at Olympos Episkopeion ",Episkopeion (Episcopal palace),500,0500/0510 [beginning 6th c],Olympos (in Lycia),-,https://gazetteer.dainst.org/place/2258872,36.403,30.471,,TR,,in situ ?,mosaics (visual works),http://vocab.getty.edu/page/aat/300015342,building - episcopal palace,,Oztaskin/Oztaskin (2019),https://www.academia.edu/40306927/Olympos_Episkopeionu_Peristyl_Mozaiklerindeki_%C4%B0nsan_Betimlemeleri_The_Human_Representations_on_the_Peristyle_Mosaic_of_the_Olympos_Episkopeion_,,-,,https://www.academia.edu/40306927/Olympos_Episkopeionu_Peristyl_Mozaiklerindeki_%C4%B0nsan_Betimlemeleri_The_Human_Representations_on_the_Peristyle_Mosaic_of_the_Olympos_Episkopeion_,,"Ktisis, Ananeosis, Charis",
ktis_004,Ktisis in Antioch House of Ktisis,Ktisis,Ktisis,ΚΤΙΣΙΣ,A-II-p182 8750-M 43 House of Ktisis Room 1,[7-N] House of Ktisis (near hippodrome),500,0500/0525,Antiochia (Antakya),https://pleiades.stoa.org/places/658381,https://gazetteer.dainst.org/place/2283111,36.2225515,36.183214,1934 excavated,TR,Antakya,Hatay Archaeological Museum,mosaics (visual works),http://vocab.getty.edu/page/aat/300015342,building - villa,,LIMC - Levi (1947) 357 - Campbell (1988) 5f,https://vrc.princeton.edu/researchphotographs/s/antioch/item/10127,,https://vrc.princeton.edu/researchphotographs/s/antioch/item/10127,,,,Ktisis,panel with tiger at Nasher at Duke
ktis_007,Ktisis in Villa della Gara delle Nereidi,Ktisis,Ktisis,ΚΤΙΣΙΣ,LIMC-202280 Mosaic from Villa della Gara delle Nereidi,Villa della Gara delle Nereidi,500,0500/0525,Awzai,-,-,,,before 1995,LB,Beiteddine,Beiteddine Palace,mosaics (visual works),http://vocab.getty.edu/page/aat/300015342,building - unknown context ?,Porphyrion,"Digital LIMC  - L'Annee epigraphique 1995, p. 506 - Wattel-de-Croizant BullSAntF (1995) 146-148 fig. 7 - Liban l'autre rive cat. expos. Paris (1999) 210 fig.",http://ark.dasch.swiss/ark:/72163/080e-76b23568f20a6-7 ,http://ark.dasch.swiss/ark:/72163/080e-76b23568f20a6-7 ,-,,,,Ktisis,
epin_001,Epinoia in Vienna Dioskurides,Epinoia,Epinoia,,ONB-Cod.med.gr.1 Vienna Dioskurides fol. 5v,None,500,0500/0525,Constantinople (Istanbul),https://pleiades.stoa.org/places/520998,https://gazetteer.dainst.org/place/2285315,41.0063714116,28.9653517362,1569 sold to Maximilian II,AU,Vienna,Austrian National Library,illuminations (paintings),http://vocab.getty.edu/page/aat/300264522,book - scientific manuscript,14th c used by monk Neophytus (monastery of the Prodromos of Petra - Constantinople) - 1569 sold through the offices of Augerius de Busbecke to emperor Maximilian II by the son of Hamon (physician to Sultan Suleiman II),Buberl (1937) - Weitzmann (1979) no.179,https://onb.digital/result/10CD7B27,,-,https://onb.digital/result/10CD7B27,,,"Pothos, Megalopsychia, Phronesis, Eucharistia, Epinoia, Heuresis",
euch_001,Eucharistia in Vienna Dioskurides,Eucharistia,Eucharistia,ΕΥΧΑΡΙΣΤΙΑ ΤΕΧΝΩΝ,ONB-Cod.med.gr.1 Vienna Dioskurides fol. 6v,None,500,0500/0525,Constantinople (Istanbul),https://pleiades.stoa.org/places/520998,https://gazetteer.dainst.org/place/2285315,41.0063714116,28.9653517362,1569 sold to Maximilian II,AU,Vienna,Austrian National Library,illuminations (paintings),http://vocab.getty.edu/page/aat/300264522,book - scientific manuscript,14th c used by monk Neophytus (monastery of the Prodromos of Petra - Constantinople) - 1569 sold through the offices of Augerius de Busbecke to emperor Maximilian II by the son of Hamon (physician to Sultan Suleiman II),Buberl (1937) - Weitzmann (1979) no.179,https://onb.digital/result/10CD7AEF,,-,https://onb.digital/result/10CD7AEF,,,"Pothos, Megalopsychia, Phronesis, Eucharistia, Epinoia, Heuresis",
heur_001,Heuresis in Vienna Dioskurides,Heuresis,Heuresis,ΕΥΡΕΣΙΣ,ONB-Cod.med.gr.1 Vienna Dioskurides fol. 4v,None,500,0500/0525,Constantinople (Istanbul),https://pleiades.stoa.org/places/520998,https://gazetteer.dainst.org/place/2285315,41.0063714116,28.9653517362,1569 sold to Maximilian II,AU,Vienna,Austrian National Library,illuminations (paintings),http://vocab.getty.edu/page/aat/300264522,book - scientific manuscript,14th c used by monk Neophytus (monastery of the Prodromos of Petra - Constantinople) - 1569 sold through the offices of Augerius de Busbecke to emperor Maximilian II by the son of Hamon (physician to Sultan Suleiman II),Buberl (1937) - Weitzmann (1979) no.179,https://onb.digital/result/10CD7B1E,,-,https://onb.digital/result/10CD7B1E,,,"Pothos, Megalopsychia, Phronesis, Eucharistia, Epinoia, Heuresis",
mega_001,Megalopsychia in Vienna Dioskurides,Megalopsychia,Megalopsychia,ΜΕΓΑΛ[ΟΨΥ]ΧΙΑ,ONB-Cod.med.gr.1 Vienna Dioskurides fol. 6v,None,500,0500/0525,Constantinople (Istanbul),https://pleiades.stoa.org/places/520998,https://gazetteer.dainst.org/place/2285315,41.0063714116,28.9653517362,1569 sold to Maximilian II,AU,Vienna,Austrian National Library,illuminations (paintings),http://vocab.getty.edu/page/aat/300264522,book - scientific manuscript,14th c used by monk Neophytus (monastery of the Prodromos of Petra - Constantinople) - 1569 sold through the offices of Augerius de Busbecke to emperor Maximilian II by the son of Hamon (physician to Sultan Suleiman II),Buberl (1937) - Weitzmann (1979) no.179,https://onb.digital/result/10CD7AEF,,-,https://onb.digital/result/10CD7AEF,,,"Pothos, Megalopsychia, Phronesis, Eucharistia, Epinoia, Heuresis",
phron_001,Phronesis in Vienna Dioskurides,Phronesis,Phronesis,ΦΡΟΝ[Η]ΣΙΣ,ONB-Cod.med.gr.1 Vienna Dioskurides fol. 6v,None,500,0500/0525,Constantinople (Istanbul),https://pleiades.stoa.org/places/520998,https://gazetteer.dainst.org/place/2285315,41.0063714116,28.9653517362,1569 sold to Maximilian II,AU,Vienna,Austrian National Library,illuminations (paintings),http://vocab.getty.edu/page/aat/300264522,book - scientific manuscript,14th c used by monk Neophytus (monastery of the Prodromos of Petra - Constantinople) - 1569 sold through the offices of Augerius de Busbecke to emperor Maximilian II by the son of Hamon (physician to Sultan Suleiman II),Buberl (1937) - Weitzmann (1979) no.179,https://onb.digital/result/10CD7AEF,http://ark.dasch.swiss/ark:/72163/080e-743d514b4bcbd-5,-,https://onb.digital/result/10CD7AEF,,,"Pothos, Megalopsychia, Phronesis, Eucharistia, Epinoia, Heuresis",
poth_001,Pothos in Vienna Dioskurides,Pothos,Pothos,ΠΟΘΟΣ ΤΗΣ ΦΙΛΟΚΤΙΣΤΟΥ,ONB-Cod.med.gr.1 Vienna Dioskurides fol. 6v,None,500,0500/0525,Constantinople (Istanbul),https://pleiades.stoa.org/places/520998,https://gazetteer.dainst.org/place/2285315,41.0063714116,28.9653517362,1569 sold to Maximilian II,AU,Vienna,Austrian National Library,illuminations (paintings),http://vocab.getty.edu/page/aat/300264522,book - scientific manuscript,14th c used by monk Neophytus (monastery of the Prodromos of Petra - Constantinople) - 1569 sold through the offices of Augerius de Busbecke to emperor Maximilian II by the son of Hamon (physician to Sultan Suleiman II),Buberl (1937) - Weitzmann (1979) no.179,https://onb.digital/result/10CD7AEF ,,-,https://onb.digital/result/10CD7AEF ,,,"Pothos, Megalopsychia, Phronesis, Eucharistia, Epinoia, Heuresis",
agro_001,Agroikis in Madaba Hippolytus Hall,Agroikis,Agroikis,ΑΓΡΟΙΚΙΣ,LIMC-430 Charis Eros Aphrodite panel in Madaba Hippolytus Hall mosaic,Hippolytus Hall,500,0500/0550,Madaba,https://pleiades.stoa.org/places/697701,https://gazetteer.dainst.org/place/2043616,31.7173385,35.7945195,1972/1991,JO,Madaba,in situ,mosaics (visual works),http://vocab.getty.edu/page/aat/300015342,building - villa,,Piccirillo (2008),http://ark.dasch.swiss/ark:/72163/080e-73a9bbf6f15de-0,http://ark.dasch.swiss/ark:/72163/080e-73a9bbf6f15de-0,-,,,,"Charis, Eros, Agroikis",
char_003,Charis in Madaba Hippolytus Hall,Charis,Charis,ΧΑΡΙΣ,LIMC-430 Charis Eros Aphrodite panel in Madaba Hippolytus Hall mosaic,Hippolytus Hall,500,0500/0550,Madaba,https://pleiades.stoa.org/places/697701,https://gazetteer.dainst.org/place/2043616,31.7173385,35.7945195,1972/1991,JO,Madaba,in situ,mosaics (visual works),http://vocab.getty.edu/page/aat/300015342,building - villa,,Piccirillo (2008),http://ark.dasch.swiss/ark:/72163/080e-73a9bbf6f15de-0,http://ark.dasch.swiss/ark:/72163/080e-73a9bbf6f15de-0,-,,,,"Charis, Eros, Agroikis",
ktis_015,Ktisis at the Metropolitam Museum of Art,Ktisis,Ktisis,ΚΤΙ[ΣΙΣ],LIMC-202281 Fragment of a Floor Mosaic with a Personification of Ktisis,unknown,500,0500/0550,Unknown – Eastern Mediterranean (?),-,-,,,1988 private collection - 1998/1999 purchased by MET,US,New York,Metropolitan Museum of Art,mosaics (visual works),http://vocab.getty.edu/page/aat/300015342,building - unknown context,"Private Collection - Switzerland (1988) [1998.69] / [ Ward & Company Works of Art (American), New York (from 1997�sold 1998)] [1998.69] / Private Collection - Switzerland (from 1970s�1999) [1999.99] ",Evans/Little/Boehm (1998) - Wixom (1999) - Strohschnieder (2004) – LIMC,https://www.metmuseum.org/art/collection/search/469960,,-,https://www.metmuseum.org/art/collection/search/469960,,,Ktisis,
char_007,Charis on Zadar fibula,Charis,Charis,ΧΑΡΙΣ,Charis Fibula from Nin necropolis,None,500,0500/0600,Aenona (Nin),https://pleiades.stoa.org/places/197094,https://gazetteer.dainst.org/place/2053756,44.2435845,15.1847195,,HR,Zadar,Archaeological Museum,jewelry (worn costume accessories),http://vocab.getty.edu/page/aat/300209286,object - wearable,,Preložnik (2008),,-,-,-,,,Charis,fibula with Charis found in necropolis on the coast of Ždrijac near Nin
epikos_002,Epikosmesis in Antioch mosaic,Epikosmesis,Epikosmesis,ΕΠΙΚΟΣΜΗΣΙΣ,LIMC-32335 Antioch Mosaic of Epikosmesis,Building near church St. Peter,500,0500/0600,Antiochia (Antakya),https://pleiades.stoa.org/places/658381,https://gazetteer.dainst.org/place/2283111,36.2225515,36.183214,excavated before 1960,TR,Antakya,Hatay Archaeological Museum,mosaics (visual works),http://vocab.getty.edu/page/aat/300015342,building,,LIMC - Cimok AMC p.301,http://ark.dasch.swiss/ark:/72163/080e-756e101912411-1 ,http://ark.dasch.swiss/ark:/72163/080e-756e101912411-1 ,,,,,Epikosmesis,
anan_006,Ananeosis in Tocra Apsed Hall,Ananeosis,Ananeosis,ΑNANEΩ[ΣIΣ],LIMC-15496 Floor mosaic in Tocra Apsed Hall,Apsed hall,500,0500/0600,Taucheira (Tocra),https://pleiades.stoa.org/places/373736,https://gazetteer.dainst.org/place/2765617,32.5363993333,20.5672976667,1972,LY,Tocra,Tocra Museum ?,mosaics (visual works),http://vocab.getty.edu/page/aat/300015342,building,,LIMC - Stucchi (1975) 427f - Bentaher/Dobias-Lalou (1999) 17-28 - Ward-Perkins/Goodchild (2003) 218-222,http://ark.dasch.swiss/ark:/72163/080e-747f40d58add1-e,http://ark.dasch.swiss/ark:/72163/080e-747f40d58add1-e,-,,,,"Ktisis, Ananeosis, Kosmesis",
kosm_003,Kosmesis in Tocra Apsed Hall,Kosmesis,Kosmesis,,LIMC-15496 Floor mosaic in Tocra Apsed Hall,Apsed hall,500,0500/0600,Taucheira (Tocra),https://pleiades.stoa.org/places/373736,https://gazetteer.dainst.org/place/2765617,32.5363993333,20.5672976667,1972,LY,Tocra,Tocra Museum ?,mosaics (visual works),http://vocab.getty.edu/page/aat/300015342,building,,LIMC - Stucchi (1975) 427f - Bentaher/Dobias-Lalou (1999) 17-28 - Ward-Perkins/Goodchild (2003) 218-222,http://ark.dasch.swiss/ark:/72163/080e-747f40d58add1-e,http://ark.dasch.swiss/ark:/72163/080e-747f40d58add1-e,-,,,,"Ktisis, Ananeosis, Kosmesis",
ktis_012,Ktisis in Tocra Apsed Hall,Ktisis,Ktisis,,LIMC-15496 Floor mosaic in Tocra Apsed Hall,Apsed hall,500,0500/0600,Taucheira (Tocra),https://pleiades.stoa.org/places/373736,https://gazetteer.dainst.org/place/2765617,32.5363993333,20.5672976667,1972,LY,Tocra,Tocra Museum ?,mosaics (visual works),http://vocab.getty.edu/page/aat/300015342,building,,LIMC - Stucchi (1975) 427f - Bentaher/Dobias-Lalou (1999) 17-28 - Ward-Perkins/Goodchild (2003) 218-222,http://ark.dasch.swiss/ark:/72163/080e-747f40d58add1-e,http://ark.dasch.swiss/ark:/72163/080e-747f40d58add1-e,-,,,,"Ktisis, Ananeosis, Kosmesis",
anan_005,Ananeosis in Qasr Libya East Church,Ananeosis,Ananeosis,ΑΝΑΝΕΩΣΙΣ,LIMC-492 Floor mosaic in Qasr Libya East Church,East Church,500,0500/0600,Theodorias (Qasr Libya),https://pleiades.stoa.org/places/373864,https://gazetteer.dainst.org/place/2122595,32.628531,21.395051,1957,LY,Qasr Libya ,Museum,mosaics (visual works),http://vocab.getty.edu/page/aat/300015342,building - church,,LIMC - EAA - Alfoldi-Rosenbaum/Ward-Perkins (1980) 33-69 - Ward-Perkins/Goodchild (2003) 273-286,http://ark.dasch.swiss/ark:/72163/080e-73aa9b38375cf-c,http://ark.dasch.swiss/ark:/72163/080e-73aa9b38375cf-c,-,,https://www.livius.org/articles/place/theodorias-qasr-libya/theodorias-east-church/,,"Ktisis, Ananeosis, Kosmesis",
kosm_001,Kosmesis in Qasr Libya East Church,Kosmesis,Kosmesis,ΚΟΣΜΗΣΙΣ,LIMC-492 Floor mosaic in Qasr Libya East Church,East Church,500,0500/0600,Theodorias (Qasr Libya),https://pleiades.stoa.org/places/373864,https://gazetteer.dainst.org/place/2122595,32.628531,21.395051,1957,LY,Qasr Libya ,Museum,mosaics (visual works),http://vocab.getty.edu/page/aat/300015342,building - church,,LIMC - EAA - Alfoldi-Rosenbaum/Ward-Perkins (1980) 33-69 - Ward-Perkins/Goodchild (2003) 273-286,http://ark.dasch.swiss/ark:/72163/080e-73aa9b38375cf-c,http://ark.dasch.swiss/ark:/72163/080e-73aa9b38375cf-c,-,,https://www.livius.org/articles/place/theodorias-qasr-libya/theodorias-east-church/,,"Ktisis, Ananeosis, Kosmesis",
ktis_013,Ktisis in Qasr Libya East Church,Ktisis,Ktisis,ΚΤΙΣΙΣ,LIMC-492 Floor mosaic in Qasr Libya East Church,East Church,500,0500/0600,Theodorias (Qasr Libya),https://pleiades.stoa.org/places/373864,https://gazetteer.dainst.org/place/2122595,32.628531,21.395051,1957,LY,Qasr Libya ,Museum,mosaics (visual works),http://vocab.getty.edu/page/aat/300015342,building - church,,LIMC - EAA - Alfoldi-Rosenbaum/Ward-Perkins (1980) 33-69 - Ward-Perkins/Goodchild (2003) 273-286,http://ark.dasch.swiss/ark:/72163/080e-73aa9b38375cf-c,http://ark.dasch.swiss/ark:/72163/080e-73aa9b38375cf-c,-,,https://www.livius.org/articles/place/theodorias-qasr-libya/theodorias-east-church/,,"Ktisis, Ananeosis, Kosmesis",
kosmia_001,Kosmia on Head Ornament,Kosmia,Kosmia,ΚΟΣΜΙΑ,Walters-57.546 Head Ornament with Kosmia,none,500,0500/0600,Unknown – Eastern Mediterranean (?),-,-,,,before 1912,US,Baltimore,The Walters Art Museum,jewelry (worn costume accessories),http://vocab.getty.edu/page/aat/300209286,object - wearable,Izmir (bought) - Unknown dealer / Smyrna - Friedrich Ludwig von Gans / Frankfurt a. Main (ca. 1912-1920) by purchase - Kurt W. Bachstitz / Hague (1920) by purchase - Henry Walters / Baltimore [date of acquisition unknown] by purchase - Walters Art Museum (1931) by bequest.,art.thewalters.org,https://art.thewalters.org/detail/15766/head-ornament/ ,,-,https://art.thewalters.org/detail/15766/head-ornament/ ,,,Kosmia,
apol_003,Apolausis at Boston Museum of Fine Arts,Apolausis,Apolausis,ΑΠΟΛΑΥ[ΣΙΣ],LIMC-10962 Mosaic with Apolausis and Ploutos (acc.nr. 2006.848),Unknown building with a floor mosaic with Tryphe Bios Ploutos Apolausis,500,0500/0600,Unknown – Eastern Mediterranean (possibly Turkey or Syria),-,-,,,,US,"Boston, MA",Museum of Fine Arts,mosaics (visual works),http://vocab.getty.edu/page/aat/300015342,building - unknown context,Gift of George D. and Margo Behrakis,Highlights Classical Art (MFA) pp.130-131 - LIMC,https://collections.mfa.org/objects/474442/mosaic-with-personifications-of-pleasure-and-wealth?ctx=78d3a8c9-c143-476f-a7f2-f8dba525f9b3&idx=0,,-,https://collections.mfa.org/objects/474442/mosaic-with-personifications-of-pleasure-and-wealth?ctx=78d3a8c9-c143-476f-a7f2-f8dba525f9b3&idx=0,,,"Ploutos, Apolausis",
plou_002,Ploutos at Boston Museum of Fine Arts,Ploutos,Ploutos,ΠΛΟΥΤΟΣ,LIMC-10962 Mosaic with Apolausis and Ploutos (acc.nr. 2006.848),Unknown building with a floor mosaic with Tryphe Bios Ploutos Apolausis,500,0500/0600,Unknown – Eastern Mediterranean (possibly Turkey or Syria),-,-,,,,US,"Boston, MA",Museum of Fine Arts,mosaics (visual works),http://vocab.getty.edu/page/aat/300015342,building - unknown context,Gift of George D. and Margo Behrakis,Highlights Classical Art (MFA) pp.130-131 - LIMC,https://collections.mfa.org/objects/474442/mosaic-with-personifications-of-pleasure-and-wealth?ctx=78d3a8c9-c143-476f-a7f2-f8dba525f9b3&idx=0,,-,https://collections.mfa.org/objects/474442/mosaic-with-personifications-of-pleasure-and-wealth?ctx=78d3a8c9-c143-476f-a7f2-f8dba525f9b3&idx=0,,,"Ploutos, Apolausis",
aret_002,Arete in Hestia Hanging,Arete,Arete,ΑΡΕΤΗ,DO-BZ.1929.1 Hanging with Hestia Polyolbos,none,500,0500/0600,Unknown – Egypt (?),-,https://gazetteer.dainst.org/place/2768126,27,30,,US,"Washington, DC",Dumbarton Oaks,textiles (visual works),http://vocab.getty.edu/page/aat/300014063,building - decoration - furnishing textile,Dikran G. Kelekian (1868�1951) New York and Paris - Robert Woods and Mildred Barnes Bliss Dumbarton Oaks purchase 1929 - Dumbarton Oaks Research Library and Collection Washington DC 1940,Schrenk (2019) - Friedländer (1945),https://www.doaks.org/resources/textiles/catalogue/BZ.1929.1,-,-,https://www.doaks.org/resources/textiles/catalogue/BZ.1929.1,https://www.doaks.org/resources/textiles/essays/schrenk,,"Ploutos, Euphrosyne, Arete, Eulogia, Euochia, Prokope, Phos",
eulo_001,Eulogia in Hestia Hanging,Eulogia,Eulogia,ΕΥΛΟ[ΓΙΑ],DO-BZ.1929.1 Hanging with Hestia Polyolbos,none,500,0500/0600,Unknown – Egypt (?),-,https://gazetteer.dainst.org/place/2768126,27,30,,US,"Washington, DC",Dumbarton Oaks,textiles (visual works),http://vocab.getty.edu/page/aat/300014063,building - decoration - furnishing textile,Dikran G. Kelekian (1868�1951) New York and Paris - Robert Woods and Mildred Barnes Bliss Dumbarton Oaks purchase 1929 - Dumbarton Oaks Research Library and Collection Washington DC 1940,Schrenk (2019) - Friedländer (1945),https://www.doaks.org/resources/textiles/catalogue/BZ.1929.1,-,-,https://www.doaks.org/resources/textiles/catalogue/BZ.1929.1,https://www.doaks.org/resources/textiles/essays/schrenk,,"Ploutos, Euphrosyne, Arete, Eulogia, Euochia, Prokope, Phos",
euoc_002,Euochia in Hestia Hanging,Euochia,Euochia,ΕΥΩΧ[Ι]Α,DO-BZ.1929.1 Hanging with Hestia Polyolbos,none,500,0500/0600,Unknown – Egypt (?),-,https://gazetteer.dainst.org/place/2768126,27,30,,US,"Washington, DC",Dumbarton Oaks,textiles (visual works),http://vocab.getty.edu/page/aat/300014063,building - decoration - furnishing textile,Dikran G. Kelekian (1868�1951) New York and Paris - Robert Woods and Mildred Barnes Bliss Dumbarton Oaks purchase 1929 - Dumbarton Oaks Research Library and Collection Washington DC 1940,Schrenk (2019) - Friedländer (1945),https://www.doaks.org/resources/textiles/catalogue/BZ.1929.1,-,-,https://www.doaks.org/resources/textiles/catalogue/BZ.1929.1,https://www.doaks.org/resources/textiles/essays/schrenk,,"Ploutos, Euphrosyne, Arete, Eulogia, Euochia, Prokope, Phos",
euphro_002,Euphrosyne in Hestia Hanging,Euphrosyne,Euphrosyne,[Ε]ΥΦΡΟ[ΣΥΝ]Η,DO-BZ.1929.1 Hanging with Hestia Polyolbos,none,500,0500/0600,Unknown – Egypt (?),-,https://gazetteer.dainst.org/place/2768126,27,30,,US,"Washington, DC",Dumbarton Oaks,textiles (visual works),http://vocab.getty.edu/page/aat/300014063,building - decoration - furnishing textile,Dikran G. Kelekian (1868�1951) New York and Paris - Robert Woods and Mildred Barnes Bliss Dumbarton Oaks purchase 1929 - Dumbarton Oaks Research Library and Collection Washington DC 1940,Schrenk (2019) - Friedländer (1945),https://www.doaks.org/resources/textiles/catalogue/BZ.1929.1,-,-,https://www.doaks.org/resources/textiles/catalogue/BZ.1929.1,https://www.doaks.org/resources/textiles/essays/schrenk,,"Ploutos, Euphrosyne, Arete, Eulogia, Euochia, Prokope, Phos",
phos_001,Phos in Hestia Hanging,Phos,Phos,[Φ]ΩΣ,DO-BZ.1929.1 Hanging with Hestia Polyolbos,none,500,0500/0600,Unknown – Egypt (?),-,https://gazetteer.dainst.org/place/2768126,27,30,,US,"Washington, DC",Dumbarton Oaks,textiles (visual works),http://vocab.getty.edu/page/aat/300014063,building - decoration - furnishing textile,Dikran G. Kelekian (1868�1951) New York and Paris - Robert Woods and Mildred Barnes Bliss Dumbarton Oaks purchase 1929 - Dumbarton Oaks Research Library and Collection Washington DC 1940,Schrenk (2019) - Friedländer (1945),https://www.doaks.org/resources/textiles/catalogue/BZ.1929.1,-,-,https://www.doaks.org/resources/textiles/catalogue/BZ.1929.1,https://www.doaks.org/resources/textiles/essays/schrenk,,"Ploutos, Euphrosyne, Arete, Eulogia, Euochia, Prokope, Phos",
plou_003,Ploutos in Hestia Hanging,Ploutos,Ploutos,ΠΛΟΥΤΟΣ,DO-BZ.1929.1 Hanging with Hestia Polyolbos,none,500,0500/0600,Unknown – Egypt (?),-,https://gazetteer.dainst.org/place/2768126,27,30,,US,"Washington, DC",Dumbarton Oaks,textiles (visual works),http://vocab.getty.edu/page/aat/300014063,building - decoration - furnishing textile,Dikran G. Kelekian (1868�1951) New York and Paris - Robert Woods and Mildred Barnes Bliss Dumbarton Oaks purchase 1929 - Dumbarton Oaks Research Library and Collection Washington DC 1940,Schrenk (2019) - Friedländer (1945),https://www.doaks.org/resources/textiles/catalogue/BZ.1929.1,-,-,https://www.doaks.org/resources/textiles/catalogue/BZ.1929.1,https://www.doaks.org/resources/textiles/essays/schrenk,,"Ploutos, Euphrosyne, Arete, Eulogia, Euochia, Prokope, Phos",
prok_001,Prokope in Hestia Hanging,Prokope,Prokope,ΠΡΟΚΟΠΗ,DO-BZ.1929.1 Hanging with Hestia Polyolbos,none,500,0500/0600,Unknown – Egypt (?),-,https://gazetteer.dainst.org/place/2768126,27,30,,US,"Washington, DC",Dumbarton Oaks,textiles (visual works),http://vocab.getty.edu/page/aat/300014063,building - decoration - furnishing textile,Dikran G. Kelekian (1868�1951) New York and Paris - Robert Woods and Mildred Barnes Bliss Dumbarton Oaks purchase 1929 - Dumbarton Oaks Research Library and Collection Washington DC 1940,Schrenk (2019) - Friedländer (1945),https://www.doaks.org/resources/textiles/catalogue/BZ.1929.1,-,-,https://www.doaks.org/resources/textiles/catalogue/BZ.1929.1,https://www.doaks.org/resources/textiles/essays/schrenk,,"Ploutos, Euphrosyne, Arete, Eulogia, Euochia, Prokope, Phos",
anan_008,Ananeosis in mosaic in private collection,Ananeosis,Ananeosis,ΑΝΑΝΕΩΣΙΣ,priv-coll Ananeosis mosaic,unknown,500,0500/0600 [own approximation],unknown,-,-,,,,US,unknown,private collection USA,mosaics (visual works),http://vocab.getty.edu/page/aat/300015342,building - unknown context,,Baldini (2019),,-,-,-,,,Ananeosis,
geor_002,George at Harvard Art Museums,George,George,ΓΕΩΡΓΕ,Sleeve Band: Personification (Obj. Nr. 1931.43),None,500,0500/0800,Unknown – Egypt (?),-,https://gazetteer.dainst.org/place/2768126,27,30,before 1911,US,"Cambridge, MA",Harvard Art Museums Arthur M. Sackler Museum,textiles (visual works) ,http://vocab.getty.edu/page/aat/300014063,object - wearable,,Stauffer (1992) Spatantike und koptische Wirkereien - Kalavrezou (2003) Byzantine Women and Their World,https://hvrd.art/o/212857,,-,https://hvrd.art/o/212857,,,George,
soph_003,Sophia at Abegg-Stiftung Riggisberg,Sophia,Sophia,ΣΟΦΙΑ,Sleeve Band: Personification (Inv. Nr. 1085) ,None,500,0500/0800,Unknown – Egypt (?),-,https://gazetteer.dainst.org/place/2768126,27,30,,CH,Riggisberg,Abegg-Stiftung,textiles (visual works),http://vocab.getty.edu/page/aat/300014063,object - wearable,,Schrenk (2004) Textilien des Mittelmeerraumes,https://hvrd.art/o/212857,,-,https://hvrd.art/o/212857,,,Sophia,
apol_002,Apolausis in Bath at Hagios Taxiarchis,Apolausis,Apolausis,ΑΠΟΛΑΥΣΙΣ,Apolausis mosaic in Bath from Hagios Taxiarchis,Bath at Hagios Taxiarchis,500,0501/0515,Hagios Taxiarchis outside Argos,-,https://gazetteer.dainst.org/place/2070336,37.501006,22.423101,,GR,Argos,Archaeological Museum,mosaics (visual works),http://vocab.getty.edu/page/aat/300015342,building - baths,,Akerstrom-Hougen (1974) - Marcovich (1976) - (Haslam 1976) – LIMC,http://ark.dasch.swiss/ark:/72163/080e-75f95aacdb89c-1,http://ark.dasch.swiss/ark:/72163/080e-75f95aacdb89c-1,-,-,https://www.bildindex.de/document/obj20371448,,Apolausis,Google Maps site of Agios Taxiarches (Hagios Taxiarchis) very far from the city of Argos (https://maps.app.goo.gl/Eene7xntEwDGRNAT7)
kosm_002,Kosmesis in Ras-el Hilal Church,Kosmesis,Kosmesis,ΚΟΣΜΗΣΙΣ,LIMC-15495 Kosmesis mosaic from Ras el-Hilal Church,Church of Ras el-Hilal,525,0525/0575,Ras el-Hilal,-,https://gazetteer.dainst.org/place/2765611,32.92085,22.17783,1961,LY,Apollonia,Museum,mosaics (visual works),http://vocab.getty.edu/page/aat/300015342,building - church,,LIMC - EAA - Harrison (1964) 13f - Alfoldi-Rosenbaum/Ward-Perkins (1980) 140-141 - Ward-Perkins/Goodchild (2003) 327 – https://doi.org/10.1017/S0068246200007200,http://ark.dasch.swiss/ark:/72163/080e-747f3d2c9a80c-1,http://ark.dasch.swiss/ark:/72163/080e-747f3d2c9a80c-1,-,,,,"Ktisis, Kosmesis",
ktis_011,Ktisis in Ras el-Hilal Church,Ktisis,Ktisis,ΚΤΗΣΙΣ,LIMC-15680 Ktisis mosaic from Ras el-Hilal Church,Church of Ras el-Hilal,525,0525/0575,Ras el-Hilal,-,https://gazetteer.dainst.org/place/2765611,32.92085,22.17783,1961,LY,Apollonia,Museum,mosaics (visual works),http://vocab.getty.edu/page/aat/300015342,building - church,,LIMC - EAA - Harrison (1964) 13f - Alfoldi-Rosenbaum/Ward-Perkins (1980) 140-141 - Ward-Perkins/Goodchild (2003) 327 - https://doi.org/10.1017/S0068246200007200,http://ark.dasch.swiss/ark:/72163/080e-7481daf06c7df-0,http://ark.dasch.swiss/ark:/72163/080e-7481daf06c7df-0,-,,,,"Ktisis, Kosmesis",
soph_002,Sophia in Petra Church,Sophia,Sophia,ΣΟΦΙΑ,Mosaic panel of Sophia in Petra church south isle,Petra church,550,0550 ca.,Petra,https://pleiades.stoa.org/places/697725,https://gazetteer.dainst.org/place/2281717,30.328611,35.441944,,JO,Petra,in situ,mosaics (visual works),http://vocab.getty.edu/page/aat/300015342,building - church,,Bikai (2002),https://www.manar-al-athar.ox.ac.uk/?r=100357&k=e98f55d2c4,-,-,-,https://www.manar-al-athar.ox.ac.uk/?r=100357&k=e98f55d2c4,,Sophia,
